Grapheme	IPA	Examples	Languages	Frequence	Codepoints
^	NULL				
$	NULL				
[n]	n|r				
[C]	t|ɽ			
[	NULL				
]	NULL				
^-	NULL				
-$	NULL				
I	NULL				
II	NULL				
ó	ó/o				
i᷈	ĩ				
ɐ	ɐ	[u᷈ˈsɐ᷈ɐ]᷈	, kanataˈhi [kɐnataˈɦi]	Kaxarari, Marubo, Katukina, Yawanawa		
ɨ᷈	ɨ̃	mɨkɨ᷈ , ɨ᷈ noi ʃavo	Marubo, Yaminawa, Kaxinawa, Yawanawa, Katukina, Marinawa, Amawaka, Kakataibo, ShipiboKonibo		
ɽ	ɽ	naiɽ, maʂkoɽ-	Kakataibo, ShipiboKonibo, Kapanawa, Kaxinawa, Mayoruna, Chaninawa, Sharanawa, Amawaka, Marinawa, Korubo, Chakobo, Kaxarari, Shanenawa, Katukina, Yawanawa, Yaminawa, Poyanawa		U+027D
a	a	ʔatsa, ɨɸa-pa_ɨɸa-panã	Kapanawa, Chakobo, Amawaka, ShipiboKonibo, Sharanawa, Yaminawa, Kakataibo, Katukina, Kaxarari, Yawanawa, Shanenawa, Marubo, Marinawa, Korubo, Chaninawa, Matis, Mayoruna, Kaxinawa	100	U+0061
i	i	ʔia, awin	Chakobo, Kapanawa, ShipiboKonibo, Kakataibo, Amawaka, Matis, Sharanawa, Mayoruna, Katukina, Yawanawa, Shanenawa, Kaxinawa, Yaminawa, Korubo, Kaxarari, Marinawa, Poyanawa	100	U+0069
a$	a	ia, atsa	Chakobo, Kaxinawa, ShipiboKonibo, Kapanawa, Yawanawa, Sharanawa, Amawaka, Shanenawa, Yaminawa, Kakataibo, Marinawa, Chaninawa, Marubo, Poyanawa, Katukina, Matis, Kaxarari, Mayoruna, Korubo	100	U+0061 U+0024
n	n	ʔano, ano	Amawaka, Sharanawa, Chakobo, Yaminawa, Kapanawa, ShipiboKonibo, Kakataibo, Kaxinawa, Marinawa, Shanenawa, Katukina, Marubo, Yawanawa, Matis, Mayoruna, Korubo, Chaninawa, Kaxarari	100	U+006e
ɨ	ɨ	awɨn, βɨta	Sharanawa, Chakobo, Amawaka, Yawanawa, Marubo, Korubo, ShipiboKonibo, Kapanawa, Kakataibo, Katukina, Shanenawa, Chaninawa, Matis, Yaminawa, Kaxinawa, Marinawa, Mayoruna, Kaxarari	100	U+0268
o	o	ʔoko-, ʔoʂa-	Amawaka, ShipiboKonibo, Sharanawa, Kapanawa, Kakataibo, Chakobo, Mayoruna, Chaninawa, Yaminawa, Marinawa, Matis, Korubo	100	U+006f
i$	i	oi, iwi	Katukina, Sharanawa, Chakobo, ShipiboKonibo, Chaninawa, Kaxarari, Kapanawa, Kakataibo, Yaminawa, Kaxinawa, Marubo, Marinawa, Yawanawa, Shanenawa, Amawaka, Matis, Mayoruna	100	U+0069 U+0024
-	+	a-, ak-	Chakobo, Kakataibo, Kaxinawa, Amawaka, ShipiboKonibo, Kapanawa, Yaminawa, Matis, Marubo, Marinawa, Chaninawa, Katukina, Sharanawa, Korubo, Yawanawa, Shanenawa, Kaxarari, Mayoruna	100	U+002d
k	k	ʔisko, haka	Amawaka, Chakobo, Marubo, Kaxinawa, Kapanawa, Kakataibo, ShipiboKonibo, Katukina, Matis, Sharanawa, Marinawa, Shanenawa, Yaminawa, Mayoruna, Chaninawa, Yawanawa, Korubo	100	U+006b
t	t	βata, ato	Kakataibo, Marinawa, Sharanawa, ShipiboKonibo, Amawaka, Chakobo, Kaxinawa, Shanenawa, Kapanawa, Yawanawa, Marubo, Katukina, Chaninawa, Yaminawa, Korubo, Matis, Mayoruna, Kaxarari, Poyanawa	100	U+0074
_	+	arrugas_en_la_frente, los_shipibo_consideran_que	Amawaka, Mayoruna, Kakataibo, Yaminawa, Marinawa, Chaninawa, Chakobo, Sharanawa, Marubo, ShipiboKonibo, Kapanawa, Kaxarari, Kaxinawa, Poyanawa, Korubo	100	U+005f
o$	o	ato, ʔano	ShipiboKonibo, Chakobo, Kapanawa, Kakataibo, Sharanawa, Marinawa, Marubo, Amawaka, Yaminawa, Mayoruna, Chaninawa, Katukina, Matis, Korubo	100	U+006f U+0024
n$	n	awin, oin	Sharanawa, Kapanawa, Amawaka, Yawanawa, Matis, Shanenawa, Katukina, ShipiboKonibo, Mayoruna, Korubo, Chaninawa, Kakataibo	100	U+006e U+0024
^k	k	kɨna-, kɨnɨ	Kaxinawa, Sharanawa, ShipiboKonibo, Chakobo, Kapanawa, Amawaka, Marinawa, Marubo, Yaminawa, Matis, Yawanawa, Chaninawa, Katukina, Shanenawa, Kaxarari, Poyanawa	100	U+005e U+006b
ɨ$	ɨ	anɨ, βakɨ	Chakobo, Marinawa, ShipiboKonibo, Kakataibo, Marubo, Sharanawa, Matis, Yaminawa, Amawaka, Shanenawa, Kapanawa, Korubo, Chaninawa, Kaxarari, Yawanawa, Kaxinawa, Katukina, Mayoruna, Poyanawa	100	U+0268 U+0024
^m	m	matsi, matʃi	Sharanawa, Kakataibo, ShipiboKonibo, Yaminawa, Shanenawa, Marinawa, Amawaka, Kapanawa, Kaxinawa, Yawanawa, Chakobo, Mayoruna, Katukina, Matis, Marubo, Korubo, Chaninawa, Kaxarari	100	U+005e U+006d
p	p	ipu, ipo	Sharanawa, ShipiboKonibo, Chaninawa, Marinawa, Kakataibo, Kaxinawa, Kapanawa, Amawaka, Chakobo, Yaminawa, Shanenawa, Katukina, Marubo, Yawanawa, Korubo, Matis, Mayoruna	100	U+0070
u	u	muchacho, βunkun	Kaxinawa, Katukina, Yawanawa, Mayoruna, Shanenawa, Matis, Kakataibo, Poyanawa, Korubo, Chaninawa, Sharanawa, Kapanawa, Kaxarari, Yaminawa, Amawaka, Marinawa	100	U+0075
^n	n	nai, naka	Sharanawa, Kakataibo, Chakobo, ShipiboKonibo, Kapanawa, Kaxinawa, Marinawa, Amawaka, Marubo, Katukina, Shanenawa, Yaminawa, Yawanawa, Chaninawa, Matis, Kaxarari, Mayoruna, Korubo	100	U+005e U+006e
m	m	βimi, ɸimi	Sharanawa, Marinawa, ShipiboKonibo, Chakobo, Kaxinawa, Amawaka, Kapanawa, Kakataibo, Yaminawa, Katukina, Matis, Shanenawa, Mayoruna, Yawanawa, Korubo, Chaninawa, Marubo	100	U+006d
^p	p	paka, paɨ	Kaxinawa, Sharanawa, Chakobo, ShipiboKonibo, Amawaka, Katukina, Kapanawa, Yaminawa, Matis, Kakataibo, Marubo, Yawanawa, Marinawa, Mayoruna, Shanenawa, Poyanawa, Korubo	100	U+005e U+0070
ʂ	ʂ	βɨʂko, oʂɨ	Sharanawa, Chakobo, Marinawa, ShipiboKonibo, Kakataibo, Kaxinawa, Kapanawa, Shanenawa, Yaminawa, Chaninawa, Mayoruna, Matis, Yawanawa, Katukina, Marubo	100	U+0282
^ʂ	ʂ	ʂao, ʂaɨ	Sharanawa, Shanenawa, Kakataibo, Kaxinawa, Marinawa, ShipiboKonibo, Kapanawa, Katukina, Matis, Chakobo, Yaminawa, Marubo, Yawanawa, Mayoruna, Korubo, Chaninawa, Amawaka	100	U+005e U+0282
s	s	ʔisko, isku	Amawaka, Sharanawa, Kakataibo, ShipiboKonibo, Chakobo, Kapanawa, Kaxinawa, Marinawa, Katukina, Marubo, Mayoruna, Yawanawa, Kaxarari, Shanenawa, Yaminawa, Poyanawa, Chaninawa	100	U+0073
^t	t	taka, taɨ	Sharanawa, ShipiboKonibo, Kaxinawa, Mayoruna, Yaminawa, Amawaka, Chakobo, Kapanawa, Katukina, Shanenawa, Kakataibo, Marinawa, Korubo, Chaninawa, Matis, Poyanawa, Yawanawa, Kaxarari	100	U+005e U+0074
u$	u	tsu-, ipu	Kaxinawa, Shanenawa, Yawanawa, Katukina, Poyanawa, Kaxarari, Mayoruna, Matis, Korubo, Chaninawa, Kakataibo, Marubo	100	U+0075 U+0024
w	w	βawa, awa	Marubo, Sharanawa, Chakobo, ShipiboKonibo, Marinawa, Matis, Korubo, Katukina, Kapanawa, Kaxinawa, Shanenawa, Kaxarari, Poyanawa, Amawaka, Mayoruna, Chaninawa, Kakataibo	100	U+0077
r	r	koro, kari	Kaxinawa, Sharanawa, Amawaka, Kapanawa, Kakataibo, ShipiboKonibo, Mayoruna, Marinawa, Chakobo, Katukina, Marubo, Yaminawa, Poyanawa	100	U+0072
^β	β	βatʃi, βata	ShipiboKonibo, Kakataibo, Kapanawa, Chakobo, Katukina, Yawanawa, Amawaka, Korubo, Poyanawa, Matis, Kaxinawa, Marubo, Kaxarari	100	U+005e U+03b2
^i	i	ia, ipu	Sharanawa, Kaxinawa, Amawaka, Katukina, Kaxarari, Yaminawa, Marubo, Yawanawa, Matis, Marinawa, Shanenawa, Chaninawa, Mayoruna, Poyanawa, Korubo, Chakobo, Kakataibo, ShipiboKonibo, Kapanawa	100	U+005e U+0069
^r	r	rama, raka-	Sharanawa, ShipiboKonibo, Kapanawa, Amawaka, Chakobo, Kakataibo, Marinawa, Katukina, Yaminawa, Marubo, Chaninawa, Shanenawa, Kaxinawa, Mayoruna	100	U+005e U+0072
e	e	mee, nibed	Mayoruna, Kaxinawa, Amawaka, Matis, Sharanawa, Kakataibo, Kapanawa, Marinawa, Korubo, ShipiboKonibo, Yaminawa, Chakobo	100	U+0065
^h	h	ha, haka	ShipiboKonibo, Chakobo, Kapanawa, Amawaka, Kaxinawa, Kaxarari, Katukina, Shanenawa, Chaninawa, Sharanawa, Yawanawa	100	U+005e U+0068
ʃ	ʃ	kiʃi, kaʃi	Yawanawa, Kaxinawa, Marubo, Chaninawa, Chakobo, Marinawa, Yaminawa, Amawaka, Korubo, ShipiboKonibo, Sharanawa, Kapanawa, Katukina, Kaxarari, Kakataibo, Poyanawa, Matis, Mayoruna	100	U+0283
^y	y	-ya, yami	Sharanawa, Kapanawa, ShipiboKonibo, Amawaka, Chakobo, Kaxinawa, Marinawa, Marubo, Yaminawa, Katukina, Chaninawa, Shanenawa, Kaxarari	100	U+005e U+0079
á	á	tʃaɾáʂ, ká-tɨ-xáo	Marinawa, Amawaka, Kapanawa, Chakobo, ShipiboKonibo, Kakataibo, Sharanawa	100	U+00e1
^a	a	atsa, ak-	Sharanawa, Shanenawa, Kaxinawa, Yawanawa, Marubo, Yaminawa, Katukina, Matis, Chakobo, Korubo, Mayoruna, Poyanawa, Kakataibo, Marinawa, Kapanawa, Amawaka, ShipiboKonibo, Chaninawa, Kaxarari	100	U+005e U+0061
^ɸ	ɸ	ɸakɨ, ɸɨnɨ	Sharanawa, Marinawa, Chaninawa, Yaminawa, Shanenawa	100	U+005e U+0278
^ʔ	ʔ	ʔatsa, ʔa-	Amawaka, Kapanawa, ShipiboKonibo, Chakobo, Kakataibo	100	U+005e U+0294
^w	w	wai, waka	Amawaka, Kapanawa, Chakobo, ShipiboKonibo, Katukina, Matis, Kaxinawa, Marubo, Shanenawa, Korubo, Kaxarari, Mayoruna	100	U+005e U+0077
tʃ	tʃ	βatʃi, itʃa-pa	Sharanawa, Kaxinawa, Chakobo, Amawaka, ShipiboKonibo, Kapanawa, Marinawa, Shanenawa, Kakataibo, Yaminawa, Yawanawa, Chaninawa, Marubo, Mayoruna, Korubo, Katukina, Matis, Kaxarari	100	U+0074 U+0283
ʔ	ʔ	tsiʔo, nawa_βaʔi	Kapanawa, Amawaka, Chakobo, ShipiboKonibo, Kakataibo, Marubo	100	U+0294
β	β	niβo, mɨβi	Kakataibo, Kapanawa, ShipiboKonibo, Chakobo, Katukina, Korubo, Marubo, Yawanawa, Poyanawa, Kaxarari, Kaxinawa	100	U+03b2
í	í	ʔotʃíti, mɨntsís	Amawaka, Kapanawa, ShipiboKonibo, Chakobo, Marinawa, Kakataibo, Kaxinawa, Mayoruna	100	U+00ed
ts	ts	matsi, atsa	Amawaka, Kakataibo, ShipiboKonibo, Chakobo, Kapanawa, Marubo, Yaminawa, Sharanawa, Kaxinawa, Katukina, Marinawa, Chaninawa, Shanenawa, Yawanawa, Matis, Kaxarari, Mayoruna, Korubo, Poyanawa	100	U+0074 U+0073
d	d	bebida_demasiado_fermentada, bɨdu	Kaxinawa, Chaninawa, Matis, Mayoruna, Poyanawa, ShipiboKonibo, Sharanawa, Amawaka, Yaminawa, Chakobo, Kapanawa, Marubo, Marinawa, Korubo	100	U+0064
^b	b	bɨ, bɨnɨ	Kaxinawa, Mayoruna, Matis, Kaxarari, Chakobo, Korubo, Chaninawa, Sharanawa	100	U+005e U+0062
^tʃ	tʃ	tʃaʂo, tʃaka-	ShipiboKonibo, Kaxinawa, Sharanawa, Kakataibo, Kapanawa, Amawaka, Chakobo, Yaminawa, Marinawa, Chaninawa, Katukina, Shanenawa, Matis, Yawanawa, Marubo, Mayoruna, Poyanawa, Korubo	100	U+005e U+0074 U+0283
^ʃ	ʃ	ʃiʃi, ʃipi	Kaxinawa, Sharanawa, Yawanawa, Chakobo, Amawaka, ShipiboKonibo, Kapanawa, Marubo, Korubo, Chaninawa, Marinawa, Katukina, Kakataibo, Poyanawa, Matis, Yaminawa, Mayoruna	100	U+005e U+0283
ã$	ã	namã, mã	Marinawa, Kaxinawa, Yaminawa, Marubo, Amawaka, Kakataibo, ShipiboKonibo, Poyanawa, Kaxarari	100	U+00e3 U+0024
ɸ	ɸ	raɸɨ, ino_ɸãɸi	Sharanawa, Yaminawa, Marinawa, Amawaka, Chaninawa, Shanenawa, Kakataibo, Marubo, Kaxinawa	100	U+0278
ã	ã	kãkã́_o_kãká, tʃãpo	Amawaka, Kaxinawa, Yaminawa, ShipiboKonibo, Marinawa, Kakataibo, Poyanawa, Marubo	100	U+00e3
á$	á	siná, kaná	Kakataibo, Marinawa, ShipiboKonibo, Kapanawa, Marubo, Kaxinawa, Chakobo, Amawaka	100	U+00e1 U+0024
y	y	kɨyo-, noya-	Amawaka, Sharanawa, ShipiboKonibo, Kaxinawa, Marinawa, Kapanawa, Marubo, Chakobo, Yaminawa, Chaninawa, Katukina, Shanenawa, Mayoruna, Kakataibo, Poyanawa, Yawanawa, Korubo	100	U+0079
b	b	ʂubu, plataforma_para_cortar_árboles_arriba_de_sus_aletas	Kaxinawa, Mayoruna, Matis, Poyanawa, Chaninawa, Sharanawa, ShipiboKonibo, Chakobo, Kakataibo, Amawaka, Shanenawa, Kapanawa, Kaxarari, Marubo, Yawanawa, Korubo	100	U+0062
ó	ó	yóí, hónpoxón	Marinawa, Amawaka, ShipiboKonibo, Kapanawa, Chakobo, Mayoruna, Sharanawa, Chaninawa	100	U+00f3
^o	o	oi, oa	Sharanawa, Yaminawa, Chaninawa, Amawaka, Marubo, Kakataibo, Marinawa, Mayoruna, Matis, Shanenawa, Chakobo, Kaxinawa, Korubo	100	U+005e U+006f
ɾ	ɾ	βaɾi, kaɾi	Sharanawa, Shanenawa, Chakobo, Kakataibo, Marinawa, Yawanawa, Kapanawa, ShipiboKonibo, Chaninawa, Katukina, Amawaka, Mayoruna, Marubo, Yaminawa, Kaxinawa, Poyanawa	99	U+027e
í$	í	βoí, naí	Marinawa, ShipiboKonibo, Kakataibo, Chakobo, Amawaka, Kapanawa, Marubo, Kaxinawa	97	U+00ed U+0024
s$	s	hisis, -kas-	Kakataibo, Kaxinawa, Mayoruna, Amawaka, ShipiboKonibo, Chakobo, Matis, Kapanawa, Yaminawa, Korubo, Chaninawa, Sharanawa, Katukina, Marubo, Marinawa, Poyanawa	94	U+0073 U+0024
^ts	ts	tsu-, tsistɨ	Sharanawa, ShipiboKonibo, Kaxinawa, Chakobo, Kapanawa, Marinawa, Kakataibo, Korubo, Matis, Amawaka, Mayoruna, Shanenawa, Yaminawa, Yawanawa, Chaninawa, Katukina, Kaxarari, Marubo	83	U+005e U+0074 U+0073
^d	d	du, duɨ	Kaxinawa, Matis, Mayoruna, Chaninawa, Poyanawa, Marinawa, Amawaka, ShipiboKonibo, Sharanawa, Shanenawa, Korubo	81	U+005e U+0064
^s	s	sawɨ, siná	Kaxinawa, Amawaka, Kakataibo, Marinawa, Mayoruna, Sharanawa, Chakobo, ShipiboKonibo, Matis, Marubo, Katukina, Kapanawa, Shanenawa, Chaninawa, Yaminawa	79	U+005e U+0073
^u	u	uʂɨ, uˈʂɨ	Yawanawa, Mayoruna, Shanenawa, Kaxinawa, Katukina, Kakataibo, Matis, Korubo, Poyanawa, Kaxarari, Sharanawa, Marinawa	75	U+005e U+0075
ʂ$	ʂ	tʃaɾáʂ, maʂaʂ	ShipiboKonibo, Kaxinawa, Kakataibo, Chakobo, Matis, Kapanawa, Mayoruna, Yaminawa, Katukina, Sharanawa, Marubo	73	U+0282 U+0024
l	l	plataforma_para_cortar_árboles_arriba_de_sus_aletas, el_calor_solar	Mayoruna, Kaxinawa, Sharanawa, ShipiboKonibo, Chakobo, Kaxarari, Kakataibo, Amawaka, Kapanawa, Marinawa, Korubo, Marubo	73	U+006c
e$	e	pe, nunte	Mayoruna, Korubo, Matis, Kakataibo, Kaxinawa, Sharanawa, Kapanawa, Marinawa, Amawaka, Chakobo, Poyanawa	70	U+0065 U+0024
^ɨ	ɨ	ɨpa, ɨnɨ	Sharanawa, Marubo, Marinawa, Yaminawa, Chaninawa, Matis, Shanenawa, Kakataibo, Kaxinawa, Mayoruna, Poyanawa, Korubo, Katukina, Chakobo, Amawaka, Yawanawa	68	U+005e U+0268
ó$	ó	ʂokó-, mapó	Marinawa, ShipiboKonibo, Kakataibo, Kapanawa, Amawaka, Chakobo	64	U+00f3 U+0024
x	x	examinar, nɨxɨxɸI	Amawaka, ShipiboKonibo, Chakobo, Kaxinawa, Kapanawa, Kakataibo, Marinawa, Mayoruna, Poyanawa, Korubo	63	U+0078
c	c	tocar_con_el_codo, arcilla	Mayoruna, Kaxinawa, Sharanawa, ShipiboKonibo, Chakobo, Kakataibo, Yaminawa, Marinawa, Amawaka	57	U+0063
õ	õ	kõʂã́, ʂõtako	Amawaka, ShipiboKonibo, Kakataibo, Yaminawa, Marinawa, Marubo	52	U+00f5
ã́$	ã́	tonã́, βɨʂnã́	ShipiboKonibo, Kakataibo, Marinawa, Kapanawa	47	U+00e3 U+0301 U+0024
h	h	kɨhu, pahinki	Poyanawa, Yawanawa, Kaxarari, Shanenawa, Chakobo, Kaxinawa, Mayoruna, ShipiboKonibo, Amawaka	44	U+0068
aa$	aa	haa, naa	Sharanawa, Amawaka, Yaminawa, ShipiboKonibo, Chakobo, Kapanawa, Kakataibo, Kaxinawa, Marubo	44	U+0061 U+0061 U+0024
aa	aa	una-maska-ai, kɨxaa_I	Amawaka, Katukina, Sharanawa, Kapanawa, Chakobo	42	U+0061 U+0061
^x	x	xotʃi_II, xɨʔa_I	Amawaka	42	U+005e U+0078
õ$	õ	-ʂõ, wasnõ	Yaminawa, Marinawa, Amawaka, Kakataibo, Marubo, ShipiboKonibo, Katukina	39	U+00f5 U+0024
ɨ́	ɨ́	ɸɨ́po, kɨ᷈kɨ́ʂ	Marinawa, Amawaka, ShipiboKonibo, Chakobo, Kapanawa, Kakataibo, Kaxinawa	39	U+0268 U+0301
^f	f	fuerte, fuin	Shanenawa, Sharanawa, Kakataibo, Mayoruna, ShipiboKonibo, Marubo, Yaminawa, Kaxinawa, Amawaka	36	U+005e U+0066
ɨ́́	ɨ́	pɨ́́ʂɨ́́ʂɨaɸ, ʂɨ́́tɨ́́	Marinawa, Chakobo, Kapanawa, Kakataibo, Amawaka, ShipiboKonibo	34	U+0268 U+0301 U+0301
d$	d	tawad, paud	Mayoruna, Matis, Korubo	32	U+0064 U+0024
g	g	llegar_a_ser_o_ponerse_gris, delgado	Kaxinawa, Mayoruna, ShipiboKonibo, Sharanawa, Chakobo, Marubo, Amawaka, Kapanawa, Marinawa	32	U+0067
k$	k	ak-, uk	Korubo, Mayoruna, Matis, Kaxinawa, Yaminawa	31	U+006b U+0024
ɨ᷈$	ɨ̃	hawɨ᷈, masɨ᷈	Yaminawa, Kakataibo, ShipiboKonibo, Marinawa, Kaxinawa, Marubo, Amawaka	31	U+0268 U+1dc8 U+0024
_$	_	makɨ_, nawa_bai_	Kakataibo, Chakobo, ShipiboKonibo, Kaxinawa, Amawaka, Yawanawa, Katukina, Matis, Kapanawa, Yaminawa, Marinawa, Mayoruna, Poyanawa	31	U+005f U+0024
ii$	ii	nii, tʃii	Chaninawa, Sharanawa, Kakataibo, Yaminawa, Amawaka, Katukina, Marinawa, ShipiboKonibo, Chakobo, Kapanawa, Marubo	29	U+0069 U+0069 U+0024
^ɾ	ɾ	ɾama, ɾunu	Yawanawa, Shanenawa, Katukina, Yaminawa, Poyanawa, Marubo	29	U+005e U+027e
^c	c	claro, corteza	Mayoruna, Kaxinawa, Sharanawa, Amawaka, ShipiboKonibo, Chakobo, Kakataibo, Korubo	28	U+005e U+0063
^v	v	vi, voltear	Marubo, Kaxinawa, Kapanawa, Mayoruna, Chakobo, Yaminawa, Amawaka	28	U+005e U+0076
v	v	rivi, -ma-_<<causativo>>	Marubo, Kaxinawa, Marinawa, Katukina, Sharanawa, Kakataibo, Yaminawa, Amawaka, Mayoruna, Poyanawa	27	U+0076
ɨ́$	ɨ́	kapɨ́, mapɨ́	ShipiboKonibo, Kapanawa, Marinawa, Kakataibo, Amawaka, Yaminawa, Mayoruna	27	U+0268 U+0301 U+0024
ʃ$	ʃ	βi᷈píʃ, yawíʃ	ShipiboKonibo, Kapanawa, Kaxinawa, Kakataibo, Korubo, Katukina, Chakobo, Amawaka, Yawanawa	27	U+0283 U+0024
ṍ$	ṍ	tɨtṍ, βatṍ	Kakataibo, ShipiboKonibo, Marinawa	25	U+1e4d U+0024
ɨ́́$	ɨ́	ʂɨkɨ́́, raβɨ́́	Marinawa, ShipiboKonibo, Kakataibo, Kapanawa	25	U+0268 U+0301 U+0301 U+0024
ˈn	n	tʃiˈna, saˈnino	Chakobo, Kaxarari, Mayoruna, ShipiboKonibo, Marubo, Kapanawa, Amawaka	24	U+02c8 U+006e
^e	e	examinar, ella	Sharanawa, Mayoruna, ShipiboKonibo, Kapanawa, Kakataibo, Kaxinawa, Yaminawa, Chakobo, Marinawa, Korubo	23	U+005e U+0065
oo$	oo	ʂoo, koo	Chaninawa, Chakobo, Kapanawa, Kakataibo, Yaminawa, Amawaka, ShipiboKonibo, Sharanawa, Mayoruna	22	U+006f U+006f U+0024
ˈk	k	aˈka, kɨʂaˈka	Chakobo, Marubo, Kaxarari, Mayoruna, Matis, Kakataibo	21	U+02c8 U+006b
ll	ll	arcilla, ella	Sharanawa, Mayoruna, Kaxinawa, Yaminawa, Amawaka, ShipiboKonibo	21	U+006c U+006c
^kw	kʷ	kwɨnã, kwɨbí	Kakataibo, Korubo	21	U+005e U+006b U+0077
f	f	nifu, aʂfua	Shanenawa, Mayoruna, Kaxinawa, Amawaka, ShipiboKonibo, Chakobo, Marinawa	20	U+0066
ˈm	m	ʔaˈmɨ᷈, haˈmahi	Kaxarari, Chakobo, Marubo, Kakataibo, ShipiboKonibo, Katukina, Kapanawa	19	U+02c8 U+006d
^a$	a	a, a-	Sharanawa, Kaxinawa, Marubo, Yaminawa, Chaninawa, Matis, Shanenawa, Kaxarari, Kakataibo, Marinawa, Mayoruna, Poyanawa, Yawanawa, Korubo	18	U+005e U+0061 U+0024
oo	oo	tsoot, tootí	Amawaka, Sharanawa, Kakataibo, Yaminawa, Chakobo, Kapanawa	18	U+006f U+006f
t$	t	atet, awat	Korubo, Kakataibo, Mayoruna	17	U+0074 U+0024
u᷈	ũ	nu᷈y, nu᷈nu᷈	Poyanawa, Marubo, Katukina, Kakataibo, Kaxarari	17	U+0075 U+1dc8
ˈw	w	bɨtʃiˈwɨ, ʔaˈwa	Kaxarari, Marubo, Chakobo, ShipiboKonibo, Kapanawa, Amawaka	16	U+02c8 U+0077
^l	l	la, lo	Amawaka, Mayoruna, Sharanawa, Kaxarari, ShipiboKonibo, Chakobo, Korubo	16	U+005e U+006c
rr	rr	tierra_firme, derrubar	Mayoruna, Sharanawa, Kakataibo, ShipiboKonibo, Shanenawa, Kaxinawa, Amawaka	15	U+0072 U+0072
.	<?>	colmillo._C.L._muela._Pico_de_papagayo, ɨ́ḱ_ɨ...	Mayoruna, Matis, Kaxinawa, Sharanawa, Kapanawa	15	U+002e
ch	ch	muchacho, trocha	Mayoruna, Kaxinawa, Yaminawa, Sharanawa, Kapanawa, Kakataibo, Marinawa, Amawaka	15	U+0063 U+0068
^ˈk	k	ˈkɨɾɨʂa, ˈkɨnɨ	Chakobo, Marubo, Kaxarari, ShipiboKonibo	15	U+005e U+02c8 U+006b
j	j	hija, hijo	Kaxinawa, Mayoruna, ShipiboKonibo, Amawaka, Sharanawa, Chakobo, Kaxarari, Marinawa	14	U+006a
ɨ᷈	ɨ̃	kɨ᷈tʃá, βɨ᷈βoo	Amawaka, ShipiboKonibo, Kakataibo, Kaxinawa, Marinawa, Yawanawa	14	U+0268 U+1dc8
ɸ$	ɸ	ʃikuɸ, ʂɔɔɸ	Kakataibo, Kapanawa, Kaxinawa, Marinawa, ShipiboKonibo, Marubo, Yaminawa, Mayoruna	13	U+0278 U+0024
^ˈh	h	ˈhana, ˈhisisa	Chakobo, Amawaka	13	U+005e U+02c8 U+0068
z	z	corteza, fuerza	Mayoruna, Kaxinawa, ShipiboKonibo, Sharanawa, Chakobo, Amawaka	13	U+007a
^ã	ã	ãi᷈, ãdiβu	Poyanawa, Kaxinawa, Marinawa, Kakataibo, Marubo, Yaminawa, Amawaka	12	U+005e U+00e3
^í	í	ínai, íwɨ	Marinawa	12	U+005e U+00ed
ii	ii	tʃiwii-_II, riswii_I	Amawaka, Sharanawa, Chaninawa, Kapanawa	12	U+0069 U+0069
ˈt	t	haˈti, baˈta	Chakobo, Kaxarari, Mayoruna, ShipiboKonibo, Kapanawa	12	U+02c8 U+0074
ˈx	x	ʃinãhi [ʃinɐˈxi]	Kaxarari	1	
ã́	ã́	kãkã́_o_kãká, mã́i᷈	Marinawa, Kakataibo, ShipiboKonibo, Kaxinawa	12	U+00e3 U+0301
kw	kʷ	takwa, mɨkɨkwe_o_mɨkwe	Kakataibo, Korubo, Mayoruna	12	U+006b U+0077
ɨɨ$	ɨɨ	mɨɨ, mɨɨ-	Amawaka, Kakataibo, ShipiboKonibo, Chakobo	12	U+0268 U+0268 U+0024
ˈʂ	ʂ	uˈʂɨ, ʔaˈʂã-	Kaxarari, Mayoruna, ShipiboKonibo, Katukina, Matis, Shanenawa, Kapanawa, Kakataibo, Marubo	11	U+02c8 U+0282
’$	<?>	ʔísinɸʔísinínɸ’dor’, βinu-βai’	Kaxinawa, Amawaka, Kakataibo, Chaninawa, Katukina, Chakobo	11	U+2019 U+0024
^ˈn	n	ˈnɨiʔno, ˈnai	Marubo, Chakobo, ShipiboKonibo, Kapanawa	11	U+005e U+02c8 U+006e
^á	á	ákápórá, áwa	Marinawa, Chakobo, Kapanawa, Marubo	10	U+005e U+00e1
ˈs	s	itsiˈsi, mɨtʃiˈsi	Chakobo, Kaxarari, Katukina, Marubo, Mayoruna	10	U+02c8 U+0073
ˈp	p	kaˈpɨ, joˈpɨʂɨ__hopɨ́ʂɨ	Chakobo, Marubo, Mayoruna, Katukina, Kaxarari	10	U+02c8 U+0070
^_	_	-_ama, -_hu	Poyanawa, Yawanawa, Matis, Shanenawa, Kapanawa, Marubo, Yaminawa, Mayoruna	10	U+005e U+005f
ˈʃ	ʃ	kɨˈʃa, yawaˈʃi	Marubo, Chakobo, Kaxarari, Korubo	10	U+02c8 U+0283
ɨɨ	ɨɨ	rawɨɨ_II, pakɨɨ-_I	Amawaka, Yaminawa, Kapanawa	10	U+0268 U+0268
nn	nn	inna-ai, isin-nai	Katukina, Mayoruna, Yawanawa	9	U+006e U+006e
óʂ$	óʂ	βakóʂ, kamóʂ	ShipiboKonibo, Kakataibo, Kapanawa	9	U+00f3 U+0282 U+0024
y$	y	nu᷈y, hay	Poyanawa, Chakobo, Shanenawa	9	U+0079 U+0024
ˈʔ	ʔ	βɨˈʔo, noˈʔi	Chakobo, Kaxarari	9	U+02c8 U+0294
ñ	ɲ	pɨñã, ʂoñɔɔ	Kakataibo, Sharanawa, ShipiboKonibo, Marinawa, Mayoruna	9	U+00f1
ṍ	ṍ	ɸṍnãti, kṍi᷈	Marinawa, ShipiboKonibo, Kakataibo	9	U+1e4d
^ˈm	m	ˈmaka, ˈmɨtsis	Chakobo, Marubo, Kaxarari	9	U+005e U+02c8 U+006d
^ˈʃ	ʃ	ˈʃukɨ, ˈʃawã	Marubo	9	U+005e U+02c8 U+0283
ns	ns	punsi, tonsura	Katukina, Matis, Kaxinawa, Amawaka, Mayoruna	8	U+006e U+0073
l$	l	metal, veneno_mortal	Mayoruna, Amawaka, Kapanawa, Kakataibo, Kaxinawa	8	U+006c U+0024
ũ$	ũ	bɨ́ũ, bɨtʃũ-	Kaxinawa	8	U+0169 U+0024
^ˈp	p	ˈpitso, ˈpaka	Marubo, Chakobo, Kaxarari	8	U+005e U+02c8 U+0070
rs	rs	vendarse_o_taparse_con_una_cosa’, una_persona	Chakobo, Sharanawa, Kapanawa, Kaxinawa, Marinawa, Mayoruna	7	U+0072 U+0073
^j	j	jardín, joˈpɨʂɨ__hopɨ́ʂɨ	Kaxinawa, Shanenawa, Chakobo, Marinawa, Mayoruna	7	U+005e U+006a
^ó	ó	ótsisi, ónó	Marinawa	7	U+005e U+00f3
^ˈw	w	ˈwaka, ˈwakapaʃa	Marubo	7	U+005e U+02c8 U+0077
ɔɔ$	ɔɔ	nɔɔ, ʂoñɔɔ	Kakataibo	7	U+0254 U+0254 U+0024
ˈβ	β	ɾɨβu [ɾɨˈβ̄ʊ]	Katukina	1	
^ˈβ	β	ˈβatoma, ˈβopa	Chakobo, ShipiboKonibo, Amawaka	7	U+005e U+02c8 U+03b2
ɬ	ɬ	waɬa, aβi_βiɬiβi	Korubo	7	U+026c
w$	w	tsaw, ʃiw	Shanenawa, Poyanawa, Yawanawa	7	U+0077 U+0024
^ɬ	ɬ	ɬakute, ɬɨos	Korubo	7	U+005e U+026c
^ñ	ɲ	ñoká-, ñɔɔ	Kakataibo	7	U+005e U+00f1
x$	x	pákɨx, hónpox	Amawaka	6	U+0078 U+0024
ɔ	ɔ	apɔɔ́́, ʔɔˈɔ	Kakataibo	6	U+0254
ú	ú	un_baúl_o_un_cartón, ʔupús	Kakataibo, Mayoruna, Sharanawa, Kaxinawa	6	U+00fa
^M	<?>	Mt_piak, Matsoin	Korubo, Kaxinawa, Sharanawa, Marubo	6	U+005e U+004d
^tʂ	ʈʂ	tʂaʂu, tʂanpi	Matis, Mayoruna, Kaxarari	6	U+005e U+0074 U+0282
^ˈy	y	ˈyora, ˈyoβɨka	Chakobo, Marubo	6	U+005e U+02c8 U+0079
^ˈi	i	ˈiwiʃaka, ˈia	Marubo	5	U+005e U+02c8 U+0069
^i᷈	ĩ	i᷈ã, i᷈nã-	Marubo, Kaxinawa, Marinawa, Amawaka, Poyanawa	5	U+005e U+0069 U+1dc8
ˈl	l	biˈla, iˈlahi	Kaxarari	5	U+02c8 U+006c
ũ	ũ	bũi᷈, raʔũti	Kaxinawa, Katukina	5	U+0169
^u᷈	ũ	u᷈di, u᷈i᷈ti	Poyanawa, Yawanawa, Marubo	5	U+005e U+0075 U+1dc8
ˈt̄	t̄	tɨ᷈to [tə᷈ˈto] ~ [tə᷈ˈt̄ʊ]	Marubo	1	
ɔɔ	ɔɔ	nɔɔβai_o_nɔɔ́́βai, tɔɔ_	Kakataibo	5	U+0254 U+0254
ˈtʃ	tʃ	baˈtʃi, biˈtʃi	Kaxarari, Mayoruna, Marubo	5	U+02c8 U+0074 U+0283
^ch	ch	chico, chaa-	Yaminawa, Mayoruna, Chakobo, Kaxinawa	5	U+005e U+0063 U+0068
^g	g	gordo, gorra	Mayoruna, Marinawa, Sharanawa, Kakataibo	5	U+005e U+0067
^ˈr	r	ˈravuʃɨ, ˈrɨwɨ	Marubo, Chakobo	5	U+005e U+02c8 U+0072
^ˈt	t	ˈtaɨ, ˈtaka	Marubo, Chakobo, Kaxarari	5	U+005e U+02c8 U+0074
^ˈa	a	ˈamɨ᷈, ˈaʂã-	Marinawa, Marubo	4	U+005e U+02c8 U+0061
^ɨ$	ɨ	ɨ, ɨ-	Marubo, Chakobo, Marinawa, Kaxinawa	4	U+005e U+0268 U+0024
ˈh	h	kaʃaˈho, uwa-_ˈhi	Kaxarari	4	U+02c8 U+0068
q	q	mesmo_porque_to, los_shipibo_consideran_que	Mayoruna, Amawaka, Kaxinawa	4	U+0071
ˈts	ts	unˈtsɨ, unˈtsis	Kakataibo, Mayoruna, Amawaka	4	U+02c8 U+0074 U+0073
óʂ	óʂ	móʂá, yóʂaɸo	Marinawa, Kapanawa	4	U+00f3 U+0282
ń	ń	rɨ́ń_ɨ́́-, wɨń_okín	Amawaka, Marinawa, Kapanawa	4	U+0144
nʃ	nʃ	kainʃa, iunʃin	Yawanawa, Kakataibo	4	U+006e U+0283
^ˈʂ	ʂ	ˈʂutʃi, ˈʂoya	Chakobo, Marubo	4	U+005e U+02c8 U+0282
^A	<?>	Atsa, Atsa_I	Amawaka, Matis, Korubo	3	U+005e U+0041
áá$	áá	ʔáá, βáá	Amawaka	3	U+00e1 U+00e1 U+0024
ɔ$	ɔ	ʔi᷈ɔ, ñonɔ́́ɔ-	Kakataibo	3	U+0254 U+0024
ss	ss	excessivo, ɸisso	Marinawa, Kakataibo	3	U+0073 U+0073
^i$	i	i, i-	Matis, Kakataibo, Kaxinawa	3	U+005e U+0069 U+0024
ˈi$	i	baˈi, βaˈi	ShipiboKonibo, Mayoruna, Chakobo	3	U+02c8 U+0069 U+0024
^ṍ	ṍ	ṍnã, ṍi᷈	Marinawa	3	U+005e U+1e4d
^ˈu	u	ˈuʃai, ˈunu	Marubo	3	U+005e U+02c8 U+0075
^ll	ll	llano, llamar_a_uma_fiesta	Kaxinawa, Kakataibo	3	U+005e U+006c U+006c
h$	h	hauh, atuh	Poyanawa	3	U+0068 U+0024
é	é	de_él, a_él	Mayoruna, Amawaka	3	U+00e9
A	<?>	--_A_paxko_II, tʃaʂo_A_tʃaxó_I	Poyanawa, Chakobo	3	U+0041
^K	<?>	Kanã_ɸakaiki, Kai᷈	Marinawa, ShipiboKonibo	3	U+005e U+004b
t᷈	t᷈	kɨt᷈_i, kɨt᷈_í	ShipiboKonibo, Amawaka, Kaxinawa	3	U+0074 U+1dc8
u᷈$	ũ	mãˈʃu᷈, nu᷈nu᷈	Poyanawa, Marubo	3	U+0075 U+1dc8 U+0024
ãã$	ãã	yuˈwãã, ni᷈kãã	Marubo	3	U+00e3 U+00e3 U+0024
ów	ów	tówɨtí, xówaapán	Amawaka, Marinawa	3	U+00f3 U+0077
^ˈʔ	ʔ	ˈʔina_, ˈʔamɨno	Chakobo, Marinawa	2	U+005e U+02c8 U+0294
ˈi᷈$	ˈĩ	aˈi᷈, nuˈi᷈	Marubo	2	U+02c8 U+0069 U+1dc8 U+0024
ˈi᷈	ˈĩ	aˈi᷈vɞ, ʔaˈi᷈βo	ShipiboKonibo, Marubo	2	U+02c8 U+0069 U+1dc8
kk	kk	ak-kin, uk-kin	Matis	2	U+006b U+006b
^ɔ$	ɔ	-ɔ	Kakataibo	2	U+005e U+0254 U+0024
ʔ w	ʔ w	iʔwan, aʔwan	Kapanawa	2	U+0294 U+0077
ʔ s	ʔ s	yaʔsamɨti, ʔiʔsá	Kapanawa	2	U+0294 U+0073
Ch	<?>	--_Chan_--, βii._Ch_βii	Yaminawa, Kapanawa	2	U+0043 U+0068
	<?>	ʔísinɸʔísinínɸ’dor’, uʃi᷈_unʃin	Amawaka, Kakataibo	2	U+f02c
’	<?>	ʔísinɸʔísinínɸ’dor’, dabi-ɸ’tener_vergüenza	Amawaka, Kaxinawa	2	U+2019
__	__	joˈpɨʂɨ__hopɨ́ʂɨ, isi᷈_-_I	Chakobo, Amawaka	2	U+005f U+005f
ˈu	u	iˈuɨ, ˈvimi_ˈua	Mayoruna, Marubo	2	U+02c8 U+0075
^ũ	ũ	ũi᷈-, ũpaʂ	Kaxinawa	2	U+005e U+0169
^óʂ	óʂ	óʂá, óʂópá	Marinawa	2	U+005e U+00f3 U+0282
^aa	aa	aatí, aatõ	Yaminawa, Marubo	2	U+005e U+0061 U+0061
L	<?>	colmillo._C.L._muela._Pico_de_papagayo, --._“Según_Loriot	Mayoruna	2	U+004c
ˈr	r	rɨpaˈra, awɨ_ˈrɨki᷈	Chakobo, Marubo	2	U+02c8 U+0072
lh	lh	ton_parece_com_o_barulho_da_arma, filho	Mayoruna, Marubo	2	U+006c U+0068
é$	é	inalador_de_rapé, bebé	Sharanawa, Marubo	2	U+00e9 U+0024
<<	<?>	-ma-_<<causativo>>, bɨta_<<O>>	Mayoruna, Marinawa	2	U+003c U+003c
>>$	<?>	-ma-_<<causativo>>, bɨta_<<O>>	Mayoruna, Marinawa	2	U+003e U+003e U+0024
xw	xw	wixwa-, naxwaa_I	Amawaka	2	U+0078 U+0077
ʔ$	ʔ	tsoʔ-, -katsiʔ-	Kapanawa	2	U+0294 U+0024
^ɨ́	ɨ́	ɨ́ḱ_ɨ..., ɨ́nɨ́-	Marinawa, Matis	2	U+005e U+0268 U+0301
^ɨ᷈	ĩ	ɨ᷈_noi_ʃavo, ɨ᷈ʂɨ	Kakataibo, Marubo	2	U+005e U+0268 U+1dc8
P	<?>	colmillo._C.L._muela._Pico_de_papagayo, --_Poy_--	Mayoruna, Yawanawa	2	U+0050
a᷈$	ã	mɨɨa᷈, káma᷈	Yaminawa, Amawaka	2	U+0061 U+1dc8 U+0024
ts$	ts	nits-, -kats	Kakataibo	2	U+0074 U+0073 U+0024
K	<?>	SK_--, kɨɾɨ_Ko_--	Yawanawa, Kakataibo	2	U+004b
	<?>	ʃiɸI, ˈkɨnɨʂɨn	ShipiboKonibo, Amawaka	2	U+f06b
ee	ee	mee_, mee_poto	Kakataibo	2	U+0065 U+0065
t́	t́	tɨ́t́_ɨ́́, mɨ́t́ótí	Marinawa	2	U+0074 U+0301
c$	c	nimëduc, etc.	Mayoruna, Sharanawa	2	U+0063 U+0024
ɔ́́	ɔ́	ñonɔ́́ɔ-, nɔɔβai_o_nɔɔ́́βai	Kakataibo	2	U+0254 U+0301 U+0301
ˈb	b	niˈbi, niˈbitʃi	Chakobo	2	U+02c8 U+0062
^o$	o	o, o-	Kakataibo	2	U+005e U+006f U+0024
ă$	ă	ūă, ˈʃɐ̄᷈nă-	Marubo	2	U+0103 U+0024
^u$	u	u-	Shanenawa, Yawanawa	2	U+005e U+0075 U+0024
j$	j	faj, pɨj	Shanenawa	2	U+006a U+0024
ˈv	v	yaˈviʃi, raˈvɨvaki᷈	Marubo	2	U+02c8 U+0076
a᷈	ã	ta᷈bu, ra᷈tu᷈-ti	Poyanawa, Kakataibo	2	U+0061 U+1dc8
^Ch	<?>	Chan_atsa	Yaminawa	1	U+005e U+0043 U+0068
ˈo	o	ʃinu [ʃĩˈoʔ], vuu [βoˈo]	Katukina		
^ˈo	o	ˈoʂɨ [ˈoʂɨʔ]	Marubo		
ˈa	a	wɨˈan_ʔani	Kapanawa	1	U+02c8 U+0061
ˈɔ$	ɔ	ʔɔˈɔ	Kakataibo	1	U+02c8 U+0254 U+0024
ˈ	<?>	ʔaˈa	Kapanawa	1	U+02c8 U+f077
^áá	áá	áá_I	Amawaka	1	U+005e U+00e1 U+00e1
ɞ$	ɞ	aˈi᷈vɞ	Marubo	1	U+025e U+0024
^ˈã	ã	ˈãwi᷈	Marinawa	1	U+005e U+02c8 U+00e3
ee$	ee	ʔee-	Kakataibo	1	U+0065 U+0065 U+0024
^ʔw	ʔw	ʔwan	Kapanawa	1	U+005e U+0294 U+0077
ɐ᷈$	ɐ̃	ʃawɨwɐ᷈	Marubo	1	U+0250 U+1dc8 U+0024
ˈy	y	iˈya	Kaxarari	1	U+02c8 U+0079
ˈj	j	piˈya [piˈja], tʃakɨtaya [tʃakɨtaˈja]	Kaxarari		
í᷈	í̃	ʔí᷈yan	Amawaka	1	U+00ed U+1dc8
^I	<?>	Iná_I	Amawaka	1	U+005e U+0049
^ii	ii	ii_I	Amawaka	1	U+005e U+0069 U+0069
^ˈi$	i	ˈi	Mayoruna	1	U+005e U+02c8 U+0069 U+0024
ós$	ós	ʔopós	Kakataibo	1	U+00f3 U+0073 U+0024
^i᷈i᷈$	ĩĩ	i᷈i᷈-	Amawaka	1	U+005e U+0069 U+1dc8 U+0069 U+1dc8 U+0024
ʃ	<?>	ˈwakapaʃa	Marubo	1	U+f0ae U+0283
^ós	ós	ósã	Marinawa	1	U+005e U+00f3 U+0073
ˈd	d	u᷈hu᷈ˈde	Poyanawa	1	U+02c8 U+0064
<	<?>	nɔɔ_<_nawa	Kakataibo	1	U+003c
“	<?>	--._“Según_Loriot	Mayoruna	1	U+201c
S	<?>	--._“Según_Loriot	Mayoruna	1	U+0053
sh	sh	los_shipibo_consideran_que	Mayoruna	1	U+0073 U+0068
^y$	y	y	Mayoruna	1	U+005e U+0079 U+0024
”$	<?>	juego_272.”	Mayoruna	1	U+201d U+0024
$	<?>	ãsi᷈ɸ	Marubo	1	U+f028 U+0024
nʂ	nʂ	hanʂβá-	Kapanawa	1	U+006e U+0282
í᷈$	í̃	βatʃí᷈	ShipiboKonibo	1	U+00ed U+1dc8 U+0024
O	<?>	bɨta_<<O>>	Mayoruna	1	U+004f
^_$	_	--_	Mayoruna	1	U+005e U+005f U+0024
M$	<?>	un_ejemplo_M	Marinawa	1	U+004d U+0024
W	<?>	ver_War	Amawaka	1	U+0057
íí	íí	wíí_I	Amawaka	1	U+00ed U+00ed
ú$	ú	βuɾú	Kakataibo	1	U+00fa U+0024
^β̄	β̄	β̄ʊ	Marubo	1	U+005e U+03b2 U+0304
ʊ$	ʊ	β̄ʊ	Marubo	1	U+028a U+0024
óó	óó	wóó_I	Amawaka	1	U+00f3 U+00f3
ɔ́$	ɔ́	tsɔɔ́	Kakataibo	1	U+0254 U+0301 U+0024
ṍ́$	ṍ	tsiṍ́	ShipiboKonibo	1	U+1e4d U+0301 U+0024
ó́$	ó	tsɨó́	Marinawa	1	U+00f3 U+0301 U+0024
nh	nh	apunhalar	Sharanawa	1	U+006e U+0068
^ɨ᷈$	ɨ̃	ɨ᷈	Kakataibo	1	U+005e U+0268 U+1dc8 U+0024
ˈ$	<?>	iˈsipaˈtʃi_ikˈ	Mayoruna	1	U+02c8 U+0024
m$	m	im-	Yaminawa	1	U+006d U+0024
ũ̃$	ũ	isũ̃	Kaxinawa	1	U+0169 U+0303 U+0024
^ii$	ii	ii	Kakataibo	1	U+005e U+0069 U+0069 U+0024
ɨ᷈ɨ᷈	ɨ̃ɨ̃	kɨ᷈ɨ᷈-_I	Amawaka	1	U+0268 U+1dc8 U+0268 U+1dc8
᷈$	<?>	kɨ-᷈	Kaxinawa	1	U+1dc8 U+0024
ɨ᷈ɨ᷈$	ɨ̃ɨ̃	kɨ᷈ɨ᷈	Marinawa	1	U+0268 U+1dc8 U+0268 U+1dc8 U+0024
_́	_́	kãkã_́_	ShipiboKonibo	1	U+005f U+0301
ɨ᷈᷈$	ɨ̃	kápɨ᷈᷈	Marinawa	1	U+0268 U+1dc8 U+1dc8 U+0024
cc	cc	uccas	Mayoruna	1	U+0063 U+0063
ʔʂ	ʔʂ	kɨʔʂɨ-	Kapanawa	1	U+0294 U+0282
ˈɾ	ɾ	kɨˈɾɨ	Chakobo	1	U+02c8 U+027e
^ˈɾ	ɾ	[ˈɾani] ~ [ˈɾɐndi]	Marubo	1	
k᷈	k᷈	kɨk᷈_ɨ́ʂ	ShipiboKonibo	1	U+006b U+1dc8
Y	<?>	kɨ́tɨ_Yaw_kɨti	Marinawa	1	U+0059
^H	<?>	Hermano_de_la_madre	Kaxinawa	1	U+005e U+0048
ẽ	ẽ	kweẽkoro	Kakataibo	1	U+1ebd
ẽ́$	ẽ́	meẽ́	Kakataibo	1	U+1ebd U+0301 U+0024
á᷈$	á̃	maká᷈	ShipiboKonibo	1	U+00e1 U+1dc8 U+0024
ësh	ësh	madaështe	Mayoruna	1	U+00eb U+0073 U+0068
ʐ	ʐ	mapuʐo	Kakataibo	1	U+0290
ls	ls	pulsera	Kaxinawa	1	U+006c U+0073
ë	ë	nimëduc	Mayoruna	1	U+00eb
’h	<?>	niɸ’halar’	Kakataibo	1	U+2019 U+0068
^ū	ū	ūă	Marubo	1	U+005e U+016b
^ó$	ó	ó-	Marinawa	1	U+005e U+00f3 U+0024
^ˈv	v	ˈvimi_ˈua	Marubo	1	U+005e U+02c8 U+0076
^S	<?>	SK_--	Kakataibo	1	U+005e U+0053
z$	z	voz	Kapanawa	1	U+007a U+0024
^õ	õ	õki	Kakataibo	1	U+005e U+00f5
^óʃ	óʃ	óʃi	Marinawa	1	U+005e U+00f3 U+0283
ˈɨ	ɨ	paˈɨd, daɨd [daˈɨd]	Mayoruna	1	U+02c8 U+0268
^ɨ́́	ɨ́	ɨ́́pá	Marinawa	1	U+005e U+0268 U+0301 U+0301
́$	<?>	parã-́	ShipiboKonibo	1	U+0301 U+0024
ĩ̃$	ĩ	pɨtʃĩ̃-	ShipiboKonibo	1	U+0129 U+0303 U+0024
tʂ	ʈʂ	pitʂu	Matis	1	U+0074 U+0282
nw	nw	piskaden_boiunwate	Matis	1	U+006e U+0077
és$	és	después	Kaxinawa	1	U+00e9 U+0073 U+0024
	<?>	raɸi᷈ki᷈	Yaminawa	1	U+f02d
ü	ü	dabi-ɸ’tener_vergüenza	Kaxinawa	1	U+00fc
t́́	t́́	rɨt́́_ɨ-	Marinawa	1	U+0074 U+0301 U+0301
ɨ́́ɨ́́	ɨ́ɨ́	rɨ́́ɨ́́_I	Amawaka	1	U+0268 U+0301 U+0301 U+0268 U+0301 U+0301
sw	sw	riswii_I	Amawaka	1	U+0073 U+0077
^ˈtʃh	ˈtʃh	ˈtʃhɨʔɨ	Kaxarari	1	U+005e U+02c8 U+0074 U+0283 U+0068
ã́́$	ã́	sanã́́-	ShipiboKonibo	1	U+00e3 U+0301 U+0301 U+0024
^ˈs	s	ˈsaniman	ShipiboKonibo	1	U+005e U+02c8 U+0073
	<?>	ʃiɸI	Amawaka	1	U+f06f
ɐ̄᷈	ɐ̃	ˈʃɐ̄᷈nă-	Marubo	1	U+0250 U+0304 U+1dc8
p$	p	ʂana-dap	Matis	1	U+0070 U+0024
^q	q	que_parecen_con_algodón	Mayoruna	1	U+005e U+0071
ãã	ãã	xãã_II	Amawaka	1	U+00e3 U+00e3
C	<?>	colmillo._C.L._muela._Pico_de_papagayo	Mayoruna	1	U+0043
	<?>	pɨ́́ʂɨ́́ʂɨaɸ	Marinawa	1	U+f077
o᷈$	õ	tamo᷈	Yaminawa	1	U+006f U+1dc8 U+0024
ɔ́́ɔ́́$	ɔ́ɔ́	tɔ́́ɔ́́	Kakataibo	1	U+0254 U+0301 U+0301 U+0254 U+0301 U+0301 U+0024
áá	áá	táá_I	Amawaka	1	U+00e1 U+00e1
́́$	<?>	tɨkɨ-́́	Kakataibo	1	U+0301 U+0301 U+0024
ḱ	<?>	ɨ́ḱ_ɨ...	Matis	1	U+1e31
ṕ	<?>	tɨtɨ́ṕa	Chakobo	1	U+1e55
ś	ś	tɨ́ś_tõ	Marinawa	1	U+015b
$	<?>	binu	Kaxinawa	1	U+f02d U+0024
ɔ́́$	ɔ́	apɔɔ́́	Kakataibo	1	U+0254 U+0301 U+0301 U+0024
uu$	uu	yuu	Katukina	1	U+0075 U+0075 U+0024
sh$	sh	flesh	Kakataibo	1	U+0073 U+0068 U+0024
óʃ	óʃ	yóʃi	Marinawa	1	U+00f3 U+0283
