GLOSS	PROTO_ID	PROTO_CONCEPT
yuca	§2	0
nome próprio	§2	0
mandioca	§2	0
la capyguara	§3	0
capibara	§3	0
capivara	§4	0
arroyo grande	§4	0
rio grande	§4	0
aumentar	§4	0
homem velho, ancião	§4	0
ancião	§4	0
homem velho	§4	0
anciano, viejo	§4	0
velho	§4	0
pequeno	§4	0
pequeno, delgado	§4	0
jochi pintado	§5	0
majás	§5	0
majás, roedor pequeño	§5	0
paca, clase de roedor	§5	0
pescar con veneno	§7	0
pescar com huaca o barbasco	§7	0
veneno	§7	0
hacer, matar con veneno	§7	0
pescaria	§7	0
ato de passar veneno na seta da zarabatana	§7	0
tapir	§8	0
comida de tapir (nombre de planta)	§8	0
mulher	§9	0
esposa	§9	0
mujer	§9a	0
tomar, beber	§10	0
beber mucho	§10	0
beber, tragar	§10	0
tomar	§10	0
beber	§10	0
grande, importante, excessive, enorme	§12	0
gigantesco, enorme, tremendo	§12	0
jacaré grande	§12	0
jaboti	§12	0
tartaruga	§12	0
velho	§12	0
crecido	§12	0
grande, importante, excessivo, enorme	§12	0
muito	§12	0
piojo	§13	0
pulga	§13	0
piojo, pulga	§13	0
dueño	§15	0
el pájaro	§16	0
mutum	§16	0
pájaro	§16	0
pájaro que vive alto	§16	0
caliente	§17	0
tener calor	§17	0
caluroso y húmedo (el tiempo), calor com humedad	§17	0
llevar en los brazos, abrazar	§18	0
abrazar	§18	0
segurar no colo	§18	0
abrazar echado o sentado	§18	0
arriba y arriba (como en noyaina- «volar arriba y arriba»)	§18b	0
subir (como a um árbol)	§18b	0
ação subindo	§18b	0
subir (como la ardilla en el árbol)	§18b	0
subir, trepar	§18b	0
escalar un árbol	§18b	0
escalar	§18b	0
subir puxando algo	§18b	0
mover una cosa	§18b	0
hombre prisionero, animal domesticado	§19	0
perro	§19	0
animal doméstico	§19	0
mascota, animals domésticos	§19	0
doméstico (animal)	§19	0
empleado	§19	0
domesticado	§19	0
esclavo, siervo	§19	0
animal favorito	§19	0
vender, regalar, repartir	§20	0
dar, pagar	§20	0
onça	§21	0
tigre súngaro (grande)	§21	0
tigre grande	§21	0
gato	§21	0
perro, tigre	§21	0
perro, jaguar	§21	0
jaguar	§21	0
capivara	§21	0
bodó	§22	0
carancho	§22	0
peixe cascudo	§22	0
carachama (esp. de pez)	§22	0
carachama (especie de pez)	§22	0
clase de pez	§22	0
peixe	§22	0
doença	§23	0
tener fiebre	§23	0
doler	§23	0
doer	§23	0
dor	§23	0
dói	§23	0
enfermemarse	§23	0
sentir dolor, dolor	§23	0
japó	§24	0
clase de oropéndola, paucar	§24	0
oropéndola, paucar	§24	0
mono maquisapa	§25	0
maquisapa	§25	0
macaco preto	§25	0
rapidamente	§26	0
rápido, veloz	§26	0
correr, apurarse, irse apurado	§26	0
huir, correr	§26	0
saltar	§26	0
aumentar en número	§27	0
pequeño, poco	§27	0
reunir, ser muchos	§27	0
muchos	§27	0
mucho, bastante	§27	0
mucho, muchos	§27	0
acumular condensación de vapor	§27	0
condor blanco	§28	0
cóndor	§28	0
peso	§29	0
raya	§30	0
fuso, arraia	§30	0
raya, pastinaca	§30	0
raya (ichth. Pestinaca), huso	§30	0
arraia	§31	0
isango	§31	0
nigua	§31	0
garrapatilla	§31	0
lluvia	§32	0
ver, mirar	§33	0
ver	§33	0
toser	§34	0
nosotros tenemos tos	§34	0
tos	§34	0
vomitar	§34	0
limpiar, borrar, vomitar	§34	0
bravo	§35	0
triste, nostálgico	§35	0
advinar, conocer	§35	0
tristeza	§35	0
saber, aprender	§35	0
saber	§35	0
nombre de mujer	§35	0
agua en recipiente	§36	0
agua en um recipiente	§36	0
bebida de maíz o de yuca	§36	0
água	§36	0
rio	§36	0
fresco, novo	§36	0
agua para ele consumo	§36	0
mingau	§36	0
novo	§36	0
bebida cernida	§36	0
reirse o burlarse	§37	0
reir, sonreir	§37	0
reírse, sonreírse, reírse de	§37	0
dormir.PRES	§38	0
ele dorme	§38	0
luna	§39	0
luz de la luna	§39	0
luna, mês	§39	0
demonio del bosque	§40	0
gente	§40	0
hacer sombra	§40	0
hacer sombra, estar en la sombra	§40	0
chupar	§41	0
chupar, sugar	§42	0
3a pessoa do singular	§42	0
él, ella	§42	0
él, ella, ellas, ellos	§42	0
pron. demonstrativo esse, esa	§42	0
3ps.erg/A	§42	0
eles	§42	0
ele	§42	0
sua	§42	0
marca de 3a pessoa	§42	0
él, ella, lo, la, le	§42	0
correr	§43	0
huir	§43	0
fluir	§43	0
navegar cerca de la orilla, descargar (sangre)	§43	0
pumagarza	§44	0
la garza	§44	0
puma garza	§44	0
clase de garza	§44	0
Socó, tipo de pássaro	§44	0
garza	§44	0
pisar, golpear con el pie	§45	0
pisó en la culebra	§45	0
empujar, golpear con el pie	§45	0
pisar, amassar	§45	0
boca	§46	0
la boca, la lengua	§46	0
lengua	§46	0
vomitar não faça	§47	0
nombrar	§48	0
Hyde, 1980), hanɨ I	§48	0
nombre	§48	0
clase de pavo silvestre	§49	0
paujil	§49	0
mutum	§49	0
ancho, claro, llano, sin obstrucción como de rio o camino	§50	0
tener la boca bien abierta	§50	0
abrir la boca	§50	0
boca	§50	0
abrir bien la boca	§50	0
then	§51	0
tanto	§51	0
todos	§51	0
essa quantia	§51	0
3Pl (esses)	§51	0
toditos, todo igual	§51	0
todo	§51	0
todos, varios del mismo tipo, esta cantidad	§51	0
ahora	§51	0
de este tamaño (objeto entero)	§51	0
quantificador	§51	0
todos esos, todos, cada uno	§51	0
quanto	§51	0
tantos quantos	§51	0
as many as	§51	0
all of	§51	0
ellos, a ellos	§52	0
su, de ellos	§52	0
3a pessoa plural absolutivo	§52	0
a ellos	§52	0
3a persona plural	§52	0
ellos, ellas, a ellos, a ellas	§52	0
ele	§52	0
eles, elas	§52	0
le, lo, la, les, los, las, a él, a ellos, a ella, a ellas	§52	0
ellos, esos	§52	0
deles	§52	0
su, sus, de él, de ellos, de ella, de ellas	§52	0
coisa	§53	0
que interrogativo	§53	0
qué?	§53	0
o quê?	§53	0
por quê?	§53	0
qué	§53	0
qué?, cuál?	§53	0
o que	§53	0
o quê	§53	0
quando	§53	0
como	§53	0
quantos	§53	0
seu nariz	§54	0
sua casa	§54	0
su (sing.)	§54	0
dele, é dele	§54	0
su (de él, de ella)	§54	0
pronome possessivo (su, de él, de ella)	§54	0
dele, dela	§54	0
sua, possessivo	§54	0
su, de él, de ella, de ello	§54	0
3a pessoa singular possessivo	§54	0
dele	§54	0
camino, trocha	§55	0
caminho	§55	0
camino	§55	0
roça, roçado	§55	0
estrada	§55	0
campo, jardín, trocha, corriente	§55	0
nombre de hombre	§55	0
oscurecerse	§56	0
ayer, mañana	§56	0
sombra	§56	0
oscuro, noche	§56	0
noche	§56	0
obscuridad, oscuridad	§56	0
noite	§56	0
escuro	§56	0
oscuro, negro	§56	0
oscuro	§56	0
mosquitero	§57	0
cama	§57	0
saia	§57	0
falda, tela	§57	0
falda	§57	0
corriente	§58	0
trocha, carretera, corriente	§58	0
caminho	§58	0
roçado, plantação	§58	0
chacra	§58	0
campo, jardín, trocha, corriente	§58	0
creciente del río	§58	0
criança, filho, menino	§59	0
niño, prole	§59	0
hijo, muchacho, niño	§59	0
hijo	§59	0
hijo, hija, niño, niña, criatura, bebé, cria	§59	0
filho, menino	§59	0
filhote de, pinto de galinha	§59	0
filho	§59	0
cria, hijo, niño	§59	0
criança	§59	0
niño, muchacho, feto, cría de animal, huevo de cualquier animal	§59	0
espuma (de jabón), espuma de huevos de sapo	§60	0
plantada	§61	0
plantaram	§61	0
sembrar	§61	0
sembrar, plantar	§61	0
planta sembrada	§61	0
nom. próprio	§62	0
ano	§62	0
amanecer	§62	0
huevo	§63	0
cuchichear	§64	0
chuchichear	§64	0
dulce	§65	0
sabor (doce e salgado)	§65	0
bocachica	§66	0
lisa (especie de pez)	§66	0
piau	§66	0
clase de pez	§66	0
papagaio	§67	0
clase de loro	§67	0
loro	§67	0
el pintado, el surubí	§68	0
surubim	§68	0
clase de pez	§68	0
traer	§69	0
trazer	§69	0
comitative (S)	§70	0
comitative (A)	§70	0
comitative	§70	0
con	§70	0
associativo	§70	0
associativo pronominal	§70	0
en compañia de, con (sufijo nominal)	§70	0
comitativo com verbos intransitivos	§70	0
comitativo com verbos transitivos	§70	0
comitativo con verbos intransitivos	§70	0
comitativo con verbos transitivos	§70	0
muchacho adolescente	§71	0
nuevo	§71	0
nova	§71	0
perder	§72	0
perderse, olvidar	§72	0
perderse	§72	0
esquecer	§72	0
lágrimas	§73	0
lagrimar	§73	0
olas	§74	0
ola	§74	0
ola del lago	§74	0
ceño, arrugas en la frente, ola	§74	0
golpear, perturbar (água), salpicar	§74	0
el água se mueve, como cuando el viento la agita	§74	0
cara, frente	§75	0
sostener la cara	§75	0
cara	§75	0
cara, rosto, testa	§75	0
frente, cara	§75	0
frente	§75	0
testa	§75	0
marido	§76	0
esposo	§76	0
marido, esposo	§76	0
macho (animal o planta), esposo	§76	0
savia pegajosa	§78	0
resina	§78	0
esp. de árbol y su fruto	§78	0
secreción	§78	0
savia	§78	0
esperma	§78	0
árbol de fruto dulce	§78	0
veneno de sapo, resina lechosa o pegajosa	§78	0
ojo, semilla	§79	0
el ojo	§79	0
ojo	§79	0
olho, semente	§79	0
cortar el pelo en forma de flequillo	§80	0
cortar el pelo por la frente	§80	0
cortou	§80	0
cortar la mano	§80	0
cortar el cerquillo	§80	0
cortar el racimo de una palmera	§80	0
cejas	§81	0
ceja	§81	0
pedazo de una cosa larga	§81	0
com ojo hundidos	§82	0
yema, retoño	§82	0
pestaña	§82	0
ceja	§82	0
parte do osso frontal onde estão localizadas as sombrancelhas	§82	0
sobrancelha	§82	0
rana, sapo	§83	0
clase de rana	§83	0
rana terrestre mediana	§83	0
no profundo y también cristalina <<clara>>, del agua	§84	0
fino, delgado como el papel o la tela	§84	0
aguardiente	§84	0
fino, delgado, flaco, aguado	§84	0
fino, delgado	§84	0
aclararse, como el cielo	§84	0
volverse no profundo	§84	0
transparente, claro, delgado, fino	§84	0
no profundo y también claro, del água, fino	§84	0
cocinar carne en agua	§85	0
guiso de pescado	§85	0
sopa	§85	0
alimento	§85	0
sopa de peixe	§85	0
bebida hecha de maíz dulce	§85	0
sopa que contiene carne	§85	0
sopa, caldo, mingau	§85	0
frente, parte superior del rostro	§86	0
testa	§86	0
punhos	§86	0
frente	§86	0
agarrar	§87	0
coger	§87	0
traer, coger	§87	0
traer	§87	0
trazer	§87	0
comprar	§87	0
obtener, recibir	§87	0
coger, agarrar, capturar	§87	0
escudo (feito de couro)	§88	0
pele	§88	0
cuero, piel	§88	0
corteza, carapa	§88	0
piel, cuero, escama, etc	§88	0
garza	§89	0
garça	§89	0
zancudo	§90	0
zancudo ergativo	§90	0
mosquito, carapanã	§90	0
mosquito, zancudo	§90	0
fruta	§91	0
vespa, marimbondo	§92	0
abelha	§92	0
avispa	§92	0
caba	§92	0
avispa, abeja	§92	0
nome próprio	§92	0
nombre de hombre	§92	0
aguaje, palma real	§93	0
buriti	§93	0
la palma real	§93	0
guayabo, guayaba	§94	0
guayaba	§94	0
genérico, plural	§95	0
plural del sustantivo	§95	0
plural, varios, sujeto plural	§95	0
pluralizador del sujeto de un verbo intransitive, plural de verbo intransitivo	§95	0
seres humanos indefinidos, plural	§95	0
plural	§95	0
morfema coletivizador	§95	0
plural (varios o muchos)	§95	0
pájaro carpintero	§96	0
pica-pau	§96	0
nido de la tocandera	§97	0
mala	§97	0
baúl, caja	§97	0
caja	§97	0
chonta (especie de palmera)	§98	0
chonta, (espécie de palmera y su cogollo comestible)	§98	0
palmeira	§98	0
palmeira que utilizam para cobrir a casa (prov. Jarina)	§98	0
palmera grande	§98	0
tronco de árbol	§99	0
tronco	§99	0
tocón alto	§99	0
tocón de um árbol	§99	0
tocón de árbol (pabudush <<rama nueva, retoño que está saliendo de un tronco>>)	§99	0
fish esp.	§100	0
surubim	§100	0
tipo de peixe amazônico	§100	0
cera de abejas	§101	0
resina	§101	0
la cera de la miel	§101	0
la cera de la miel, mezclada con bi	§101	0
cera	§101	0
leite	§101	0
abeja sin aguijón (tipo), cera de abejas	§101	0
el ambaybo (planta que sirve para hacer sogas)	§102	0
cetico (esp. de árbol)	§102	0
embaúba	§102	0
árbol de madera suave, cetico	§102	0
um árbol pequeño cuya corteza se usa para hacer sogas	§103	0
marimbondo, abelha	§104	0
miel de abejas	§104	0
mel	§104	0
abelha	§104	0
abeja, isula	§104	0
isula (una hormiga feroz)	§104	0
clase de hormiga grande	§104	0
cabelo	§105	0
pelo	§105	0
pêlo, cabelo	§105	0
pêlo (forma genérica)	§105	0
clase de escarabajo	§106	0
diversas clases de insecto, el piojo grande	§106	0
clase de avispa	§106	0
nome próprio	§106	0
nutria	§107	0
lontra	§107	0
head	§108	0
en lo profundo de la cabeza	§108	0
parte superior de la cabeza	§108	0
cabeza	§108	0
dolor de cabeza	§108	0
dor de cabeça	§108	0
live	§109	0
ponerse de coclillas	§109	0
sentado, asentado	§109	0
sentarse	§109	0
sentar	§109	0
sentado	§109	0
boquichico	§110	0
pez	§110	0
clase de pez	§110	0
peixe	§110	0
clase de pez grande	§110	0
tener hipo, eructar	§111	0
tener hipo, hipar	§111	0
chicharra	§112	0
carbón	§113	0
tizón, brasa, carbon de leña	§113	0
el carbón de leña, el tizón	§113	0
carbón, cosas oscuras	§113	0
carbón que queda en el extremo de la leña	§113	0
tizón, carbón de leña	§113	0
brasa, carbón de leña	§113	0
brasa, carbón de leña	§114	0
Who	§115	0
pron. quien, nadie	§115	0
quien(es), quién(es)	§115	0
quien	§115	0
quién	§115	0
alguien, nadie	§115	0
quién?	§115	0
coger, asir	§116	0
coger con la mano	§116	0
apretar, pelliscar	§116	0
agarrar, coger, asir	§116	0
picar, morder, vacunar	§117	0
lanza	§117	0
punzar, apunhalar, inyectar, picar (un insecto)	§117	0
jeringa	§117	0
furar	§117	0
arpoar	§117	0
amassar	§118	0
pilar	§118	0
agitar, haciendolo sonar	§118	0
llamar a una fiesta por medio de hablar	§119	0
hablar	§119	0
mentir, hablar mintiendo	§119	0
mentiroso	§119	0
culpar, acusar	§119	0
mentir, llamar a uma fiesta, infomar de	§119	0
mentira, falso	§119	0
mentira	§119	0
concha (esp. de pássaro)	§120	0
almeja	§120	0
podrido, viejo	§121	0
gastado, sin valor	§121	0
gafanhoto	§121	0
grilo preto	§121	0
grillo	§121	0
podre, estragado	§121	0
martín pescador	§122	0
estar erizado	§122	0
catalán, martín pescador	§122	0
veado	§123	0
ceniza	§125	0
mover el leme o la cola del motor de la embarcación	§126	0
quitar, coger, obtener de la parte trasera	§126	0
águas abajo	§127	0
águas abajo, **hacia el extremo grande, en las partes traseras	§127	0
depois	§127	0
el lado más ancho de una cosa	§127	0
después	§127	0
depués	§127	0
talón del pie	§127	0
más tarde, detrás	§127	0
más tarde	§127	0
lavar	§128	0
lavarse	§128	0
lava	§128	0
lavar platôs o manos	§128	0
tomar banho, banhar-se	§128	0
tela, ropa	§129	0
tela, falda	§129	0
ropa	§129	0
duro	§130	0
tieso, rígido como papel nuevo	§130	0
áspero, duro, fuerte	§130	0
tieso, duro, rígido el cuerpo	§130	0
bien seco, como ropa secada al sol	§130	0
liquid	§131	0
líquido, água en ambiente natural, jugo	§131	0
caldo, água	§131	0
el agua	§131	0
agua	§131	0
água	§131	0
líquido, agua	§131	0
río	§131	0
líquido	§131	0
agua como del rio	§131	0
caldo	§131	0
clara de ovo, líquido amniótico	§131	0
líquido (pero no água pura), caldo, leche	§131	0
tigre del río	§132	0
lobo del río, lobo marino	§132	0
la londra	§132	0
nutria	§132	0
ariranha	§132	0
nutria gigante, tigre de agua, nutria	§132	0
chegar, descer	§133	0
largar algo, dejar caer algo	§133	0
dejar	§133	0
dejar, terminar	§133	0
soltar	§133	0
dejar, abandonar	§133	0
desligar aparelho	§133	0
parar (de hacer una acción intransitiva), callarse	§133	0
jarina (esp. de palmeira)	§134	0
majillo (clase de palma)	§134	0
Yarina (esp. de palmeira)	§134	0
palha	§134	0
clase de palma	§134	0
nombre de hombre	§134	0
alumbrar	§135	0
nombre propio	§135	0
chipa	§135	0
arder	§135	0
llama, llamarada	§135	0
quemar	§135	0
llama	§135	0
quemar, incendiar	§135	0
semilla, pupila del ojo	§136	0
liendre	§136	0
partes íntimas de la mujer	§136	0
semilla	§136	0
olho	§136	0
hundirse	§137	0
entrar, penetrar	§137	0
entrar	§138	0
hormiga roja pequeña con aguijón	§138	0
hormiga negra pequeña	§138	0
formiga de fogo	§138	0
formiga (gen.)	§138	0
formiga	§138	0
hormiga	§139	0
clase de hormiga	§139	0
esp. de hormiga que pica	§139	0
esp. de hormiga	§139	0
especie de hormiga grande que pica	§139	0
hormiga pequeña que vive en la epífita llamada itininga	§139	0
sangre	§140	0
cola	§141	0
rabo, pênis	§141	0
cola,  genitales masculinos	§141	0
ver	§142	0
vislumbrar	§142	0
ve!	§142	0
mostrar	§142	0
ver (acompañado de prefijo)	§142	0
mostrar [probablemente <<causar ver>>, -ma- <<causativo>>, juego 202]	§142	0
clase de hormiga	§143	0
esp. de hormiga que pica	§143	0
esp. de hormiga	§143	0
hormiga pequeña que vive en la epífita llamada itininga	§143	0
urina	§144	0
orinar	§144	0
urinar	§144	0
zapote	§145	0
árbol con frutos comestibles	§145	0
árbol	§146	0
árvore	§146	0
corteza de árbol	§146	0
árvore, pau	§146	0
to hear	§147	0
hacer sonar	§147	0
saber, conocer	§147	0
ladrar	§147	0
escutar, entender	§147	0
lábios, boca, borde	§148	0
lábio inferior	§148	0
lábio	§148	0
lleno hasta el borde	§148	0
formar el borde	§148	0
pucacunga (esp. de ave)	§149	0
jacamin	§149	0
jacu	§149	0
pava de Spix	§149	0
desear	§150	0
agradar, complacer	§150	0
alabar	§150	0
codiciar, desear	§150	0
llamar (a alguien)	§151	0
convocar, llamar	§151	0
llamar	§151	0
chama (no sentido de nomear)	§151	0
llamar (a alguien), nombrar	§151	0
nomear	§151	0
chamar, convidar	§151	0
llamar desde lejos, nombrar	§151	0
bombo caspi (esp. de árbol)	§152	0
banco	§152	0
silla chácobo, echa de palma real	§152	0
banco típico	§152	0
dibujo, marcas	§153	0
dibujo	§153	0
hacer dibujos en tinaja o en la cara	§153	0
desenho	§153	0
una línea en zigzag	§153	0
escribir	§153	0
escrito, carta, diseño	§153	0
escribir, hacer dibujos, pintura	§153	0
dibujo, escritura	§153	0
barba, bigote	§154	0
barbilla, quijada	§154	0
nome próprio, barba	§154	0
afilar	§155	0
borde afilado	§155	0
meter una aguja en la cadera	§155	0
machete	§155	0
afilado, filoso, fierro, metal	§155	0
borde cortante, afilado	§155	0
afilado	§155	0
cuchillo	§155	0
hierro	§155	0
sin filo, sin punta	§155	0
ensartar pescado	§156	0
lâmina	§156	0
adorno para el labio	§156	0
ato de passar o fio dentro de um orifício	§156	0
lábios, barbilla	§157	0
lábio, boca	§157	0
lábio	§157	0
labio, orilla, borde	§157	0
boca	§157	0
lábios, orilla del río	§157	0
rachado	§157	0
bigote	§158	0
pestaña	§158	0
bigode, barba	§158	0
extremo suelto en el borde (por ejemplo, los flecos de una hamaca, hojas sueltas del techumbre de una casa)	§158	0
guacamayo de color rojo y azul	§159	0
arara	§159	0
espalda (parte inferior)	§160	0
riñon	§160	0
espalda	§160	0
coluna vertebral	§160	0
madre	§161	0
paisano	§161	0
hombre de la tribu, pariente	§161	0
dar a luz, nacer, venir, salir (intransitivo)	§161	0
cunhado	§161	0
cuñado	§161	0
abuelo del esposo	§161	0
primo cruzado menor de hombre	§161	0
clase de canasta	§162	0
canasta provisional	§162	0
canasta de mujer	§162	0
piña	§163	0
perro	§164	0
demonio, criatura parecida al tigre	§164	0
sachaperro (esp. de perro silvestre)	§164	0
el tigre, el jaguar	§164	0
felino	§164	0
cachorro	§164	0
esp. de roedor como majás	§164	0
perro salvaje	§164	0
raposa	§164	0
shushupi	§165	0
pucarara (esp. de culebra)	§165	0
shushupi (esp. de culebra venenosa)	§165	0
arara azul	§166	0
guacamayo de color azul y amarillo	§166	0
esp. de guacamayo	§166	0
guacamayo	§166	0
relámpago ligero	§167	0
relámpago	§167	0
flecha	§168	0
zarabatana	§168	0
árbol (tipo)	§168	0
ardilla roja	§169	0
quati puru	§169	0
caimán, lagarto	§170	0
lagarto	§170	0
lagarto, caimán	§170	0
batata	§171	0
camote dulce	§171	0
camote	§171	0
leña	§172	0
comenzar, querer, estar por, tener intenciones	§173	0
desiderativo	§173	0
futuro interrogativo	§173	0
futuro - hoje e depois de hoje	§173	0
querer, futuro iminente (estar para, estar querendo)	§173	0
querer, sufijo verbal desiderativo	§173	0
no querer	§173	0
desiderativo negativo	§173	0
tener tendencia de	§173	0
futuro indefinido, sufijo verbal	§173	0
ter sono	§173	0
sentir fome	§173	0
desiderativo sincrônico	§173	0
tener sueño	§173	0
tener hambre para carne	§173	0
be nauseous	§173	0
murciélago	§174	0
murciélago grande	§174	0
espalda	§175	0
columna vertebral	§175	0
coluna	§175	0
la cadera	§175	0
rim	§175	0
vertebra	§175	0
costas	§175	0
músculos	§175	0
músculos de la espalda inferior	§175	0
coser	§176	0
costura	§176	0
tazón, tazón de barro	§177	0
duro, fuerte, ranuras juntas de la cabeza de la flecha	§178	0
tejido apretado	§178	0
punta de la lanza	§178	0
áspero, con una superficie gruesa	§178	0
clase de flecha con varios ganchos	§178	0
duro, fuerte, poderoso	§178	0
áspero, duro, fuerte	§178	0
fuerte, duro, durable	§178	0
lengüita de arpón, arpón, flecha para picar peces	§178	0
tiesto, casco	§179	0
pieza rota (que no sea de cerámica)	§179	0
pedazo roto o tiesto de cerámica	§179	0
pedazo, parte, porción	§179	0
astilla, migaja, pequeños pedazos	§179	0
pedazo	§179	0
casco, pedazo pequeño de cerámica	§179	0
doble, grueso	§180	0
grosso	§180	0
duro (olla, plátanos), grueso (tela), pesado (madera)	§180	0
olla de metal para cocinar	§181	0
olla para cocinar	§181	0
olla de barro	§181	0
vasija	§181	0
olla	§181	0
terminar	§182	0
acabar, terminar, morder	§182	0
terminar, consumir	§182	0
todo	§182	0
terminar, morder	§182	0
morder, terminar	§182	0
imprecise direction, location	§183	0
sufijo locativo no específico	§183	0
hacia	§183	0
direção, via (enclítico pronominal)	§183	0
lado (enclítico adverbial)	§183	0
locativo/dativo	§183	0
adonde, hacia, a, complemento de oposición	§183	0
locativo (de origen e de destino)	§183	0
en, sobre	§183	0
buraco	§184	0
hueco, cueva	§184	0
cueva, hueco en la tierra	§184	0
buraco ou orifício	§184	0
muslo	§185	0
pierna	§185	0
smoke	§186	0
el humo	§186	0
humo	§186	0
hervir	§187	0
hervir (comida en agua)	§187	0
tibio, templado	§187	0
boca, lábios	§188	0
barba, bigote	§188	0
mouth, border, lip(s), chin	§188	0
barbilla, mandíbula	§188	0
queixo	§188	0
quijada	§188	0
barbilla	§188	0
hermano de la madre, padre de la esposa	§189	0
tío	§189	0
tio materno	§189	0
tío materno	§189	0
tío materno, sobrino	§189	0
tio	§189	0
titio	§189	0
tío materno, padre (hablante femenino)	§189	0
tío, Hermano de la madre, suegro	§189	0
luciérnaga, linterna	§190	0
luciérnaga	§190	0
curucusi	§190	0
tipo de pássaro	§190	0
papá de su esposo, papá de sua esposa	§191	0
sobrino, hijo de la hermana de una mujer	§191	0
tío	§191	0
irmão da mãe, tio	§191	0
tío cruzado, hermano de la madre, primo paralelo de la madre	§191	0
comer fruta cruda	§192	0
comer	§192	0
chupar	§192	0
retener en la boca	§192	0
comer una fruta	§192	0
comer o chupar, como fruta o caramelo	§192	0
comer elementos sólidos	§192	0
chupar la piel	§192	0
luciérnaga	§193	0
inhambu	§194	0
perdiz grande	§194	0
nambu galinha	§194	0
hongo	§195	0
callampa, hongo	§195	0
hongo, moho	§195	0
seta, hongo	§195	0
moho, hongo, **clase de hongos	§195	0
pus, savia	§196	0
pus, materia	§196	0
caro	§197	0
pagar	§197	0
vengarse, vengarse en brujería	§197	0
precio	§197	0
comprar, pagar	§197	0
costar, vengarse	§197	0
vengar, retribui	§197	0
precio, caro	§197	0
pagar, restituir, vengarse	§197	0
pagar, restituir	§197	0
neblina	§198	0
moho	§198	0
color ceniciento, arcilla, moho	§198	0
gris, color de ceniza	§198	0
cinza	§198	0
roxo	§198	0
gris	§198	0
gris, sin pintura o color, llegar a ser o ponerse gris, mohoso	§198	0
escuro	§198	0
marrom, pardo, seco	§198	0
pava del monte	§200	0
jacubim	§200	0
Pava garantiazul	§200	0
causativo	§201	0
coronilla	§202	0
montaña	§202	0
acima	§202	0
loma	§202	0
cerro, loma	§202	0
morro	§202	0
areia	§202	0
colina alta	§202	0
colina, sistema montañoso	§202	0
terra	§202	0
farinha	§202	0
peixe	§203	0
bujurqui (esp. de pez)	§203	0
frío	§204	0
frio, gelado	§204	0
frio, gelo	§204	0
barrer	§205	0
vassoura	§205	0
chifre	§206	0
pereba	§206	0
cabeça	§206	0
caspa	§206	0
earth	§207	0
tierra	§207	0
país, región, terreno, tierra	§207	0
na terra, no chão	§208	0
por tierra	§208	0
cubrir com tierra	§209a	0
enterrar (intr..)	§209a	0
enterrar (tr.)	§209a	0
corona de plumas y cuentas, sombrero	§209	0
chapeu, cocar	§209	0
corona	§209	0
sombrero, gorra, corona	§209	0
boné, chapéu	§209	0
rata, ratón	§210	0
rata del bosque	§210	0
ratón	§210	0
rata que los matsés comen	§210	0
diente, muela	§211	0
piedra dura, roca	§211	0
cumeira	§211	0
cierro, la montaña	§211	0
cumbrera, piedra para moler	§211	0
ratón	§212	0
piraña	§212	0
palometa	§212	0
piranha	§212	0
encima, arriba	§214	0
terra	§214	0
colina, montaña	§214	0
arriba de algo	§214	0
loma	§214	0
encima, manaon, encima, arriba, más alto, más arriba	§214	0
em cima	§214	0
encima, espacio desmontado	§214	0
colina	§214	0
aguas arriba	§214	0
cima, cumbre	§214	0
hacha, metal, cosas de origen extranjero	§215	0
ferro	§215	0
cuchillo	§215	0
cuentas, metal, cosas de origen extranjero	§215	0
bujao (planta parecida a la de plátano)	§216	0
hoja de plátano	§216	0
bananeira, folha	§216	0
plátano	§216	0
hoja grande de plátano	§216	0
plátano (nombre genérico)	§216	0
folha	§216	0
olvidar	§217	0
olvidarse	§217	0
desaparecer, olvidar, perder	§217	0
errar, perderse	§217	0
gritar, gemir, lamentarse	§217	0
perderse	§217	0
perder	§217	0
esquecer	§217	0
perder, esquecer	§217	0
subir un cerro	§218	0
subir	§218	0
destapar, abrir, destapar la cabeza	§218	0
cabeza	§220	0
miolos da cabeça	§220	0
ceniza, arcilla, sesos de cérebro	§220	0
arcilla	§221	0
greda (arcilla)	§221	0
barro prendoso, gredoso	§221	0
cinza	§221	0
greda, ceniza, polvo	§221	0
barro	§221	0
ceniza, arcilla, secos	§221	0
ceniza	§221	0
árbol frutero cultivado	§222	0
cutia	§223	0
añuje	§223	0
añuje, agutí	§223	0
paca	§223	0
cabaça	§224	0
calabaza	§224	0
tipo de flauta	§224	0
arena, playa	§225	0
areia, barro de varias cores	§225	0
pedra utilizada para amolar	§226	0
urucum	§227	0
cabeza	§228	0
el punto más alto, como el pico de uma montaña, caballete del techo de uma casa	§228	0
encima de, de la cabeza	§228	0
encima	§228	0
al lado de, encima de	§228	0
a un nível alto, pero colidando con algo	§228	0
cima, pico, punto más alto	§228	0
isla temporal	§228	0
dar un corte de pelo	§229	0
cortar el pelo	§229	0
dar un corte de pelo, sacar todo el pelo	§229	0
razurarse la cabeza, hacer(se) calvo	§229	0
calvo	§229	0
afeitar la cabeza	§229	0
coronilla, tonsura, corte de pelo	§229	0
sin pelo en la coronilla de la cabeza	§229	0
cortar o cabelo	§230	0
ampollitas de la piel en la cabeza	§230	0
cuerno	§230	0
chifre	§230	0
cabeça	§230	0
caspa	§230	0
clavar (con martillo)	§231	0
machacar o meter (como clavo o poste en el suelo)	§231	0
ruido al gopear	§231	0
clavar juntos	§231	0
golpear la cabeza, pegar en la cabeza	§231	0
golpear a otro en, tirar algo contra la cabeza	§231	0
cabeza-golpear	§231	0
golpear dos piedras sobre la cabeza de los niños para que sean valientes y tengan corazones fuertes	§231	0
tesoura	§231	0
cortar cabello	§231	0
hormiga cazadora	§233	0
espécie de formiga bem pequena	§233	0
ir en círculos	§234	0
rotar, voltear, ir en círculos	§234	0
hilar, tejer algodón	§234	0
torcer, doblar	§234	0
torcer, voltear, enrollar entre palmas, trenzar	§234	0
torcer, girar, enrollar entre las palmas	§234	0
tocar con toda la mano	§235	0
palpar, tocar algo	§235	0
tocar	§235	0
saborear, probar, comprobar, verificar	§235	0
golpear, pelear, romper	§235	0
tocar, sentir, probar tocando o gustando	§235	0
mexer	§235	0
cuidar	§235	0
cuidar, segurar nos braços	§235	0
estar mojado	§236	0
molhado	§236	0
mojarse	§236	0
invierno, tiempo de lluvia, diciembre	§236	0
mojado	§236	0
mojado, húmedo	§236	0
molhar	§236	0
mojar, estar mojado	§236	0
mojar algo	§236	0
ramas pequeñas, patas de inssecto	§237	0
mano, manga	§237	0
brazo, pulsera, rama, rama de árbol	§237	0
unha	§238	0
nail	§238	0
unha del dedo	§238	0
uña de los dedos de la mano	§238	0
uña del dedo de la mano	§238	0
uña del dedo del pie	§238	0
uña, dedo de la mano	§238	0
mano	§239	0
a la derecha, a la mano derecha, en el lado derecho	§240	0
derecha, mano derecha	§240	0
derecha, mano derecha, correcto	§240	0
hallar	§241	0
surgir, aparecer	§241	0
gatear	§242	0
dedo de la mano	§243	0
charco en el barro, hueco de agua donde se bañan y juegan los animales	§244	0
charco de animales	§244	0
cierta clase de arcilla, probablemente que contiene sal, comido por pájaros y animales	§244	0
arcilla salitrosa, lugar salado usado por los animales	§244	0
barreiro	§244	0
tipo de capim próprio para alimentação da anta	§244	0
te, ti (forma de objeto del pronombre de segunda persona, singular)	§245	0
ustedes (forma de objeto)	§246a	0
ustedes, vosotros	§246a	0
humita	§247	0
humita (alimento feculoso hervido en hojas)	§247	0
pan, humita, tamal	§247	0
pão	§247	0
clase de torta pan	§247	0
clase de pan	§247	0
venenoso, amargo, filudo, desagradable (por ejemplo, el calor solar, bebida demasiado fermentada, aguijón de pez raya, abeja, escorpión, mordedura de culebra)	§249	0
amargo	§249	0
clase de árbol (amargo, no comestible), maldición por hechicería o fetiche	§249	0
ácido	§249	0
espina	§250	0
tipo de desenho utilizado nas tatuagens faciais, feito com espinho	§250	0
nido	§251	0
perezoso de dos dedos	§252	0
cielo	§253	0
mosca, mosquito	§254	0
nombre propio	§254	0
comején, esp. de hormiga blanca	§255	0
la termita, el turiro	§255	0
comején	§255	0
sonhar	§256	0
sonho	§256	0
interior, inside	§257	0
abajo, debajo de	§257	0
lugar de	§257	0
lugar, locativo	§257	0
bajo de, debajo de, en el suelo	§257	0
embaixo	§257	0
abajo	§257	0
abajo, debajo, bajo, suelo, piso	§257	0
el bi (fruta que da uma pintura negra)	§259	0
huito (espécie de árbol)	§259	0
nome próprio	§259	0
sumergir	§260	0
ir o meter dentro de algo	§260	0
dentro, colocar	§260	0
embarcar, poner en la canoa	§260	0
poner adentro	§260	0
dentro	§260	0
poner en, meter	§260	0
subir a, meterse	§260	0
cargar, poner cosas en una canoa, un baúl o un cartón, etc., empreñar	§260	0
levantar	§260	0
por dentro	§260	0
meter	§260	0
poner en el interior, poner en el fuego o al fuego	§260	0
afogarse, submergir em água	§260	0
poner, colocar, echar (algo)	§260	0
poner en líquido, poner en candela	§260	0
médula, dentro de	§261	0
centro	§261	0
em, dentro	§261	0
tuétano, médula	§261	0
tutano	§261	0
en, en el centro	§261	0
centro, meollo, médula	§261	0
centro de una cosa, corazón de un objeto, cristalino (del ojo)	§261	0
bañarse	§262	0
bañarse, nadar	§262	0
ancho, como la abertura de un hueco	§263	0
ancho y plano, como el río	§263	0
ancho y plano	§263	0
ancho	§263	0
boca	§263	0
barriga	§263	0
hueco, abierto	§263	0
anchura	§263	0
enemigo, extraño	§265	0
forastero, bárbaro, extranjero	§265	0
extranjero, salvaje	§265	0
mestizo	§265	0
extranjero, mestizo	§265	0
homem branco	§265	0
estrangeiro, civilizado	§265	0
gente que usa ropa	§265	0
gente, extranjero, extraño	§265	0
branco	§265	0
povo	§265	0
não índio	§265	0
arco iris	§266	0
huerto o campo en actual uso	§267	0
purma	§267	0
huerto abandonado o campo en su segundo cultivo	§267	0
monte limpio	§267	0
denso, tupido (vegetación de una chacra abandonada)	§267	0
hierbas malas, huerto o campo abandonado	§267	0
limpiar el área alrededor de las casas	§267	0
huerto o campo viejo abandonado	§267	0
fumo	§267	0
mato	§267	0
jacamim	§268	0
yacamí	§268	0
trompetero (esp. de ave)	§268	0
tipo de pássaro	§268	0
pegar, unir, amarrar	§269	0
segurar, sustentar	§269	0
amarrar, prender	§270	0
atar	§270	0
Shansho(ERG.)	§271	0
shansho (esp. de ave)	§271	0
shansho	§271	0
to stand up	§273	0
stand, pararse	§273	0
caminar	§273	0
ponerse de pie	§273	0
pararse	§273	0
estar de pie, vivir	§273	0
estar em pé	§273	0
ponerse de pie (sing.)	§273	0
ponerse de pie, caminar	§273	0
estar parado (persona o animal), estar (en un lugar), ir, irse	§273	0
monte, bosque	§274	0
arbol	§274	0
conjunto de árvores	§274	0
planta venenosa (general)	§274	0
bosque primario	§274	0
rocío	§275	0
viento	§275	0
vento	§275	0
viento, aire, brisa	§275	0
escorpión	§276	0
hormiga grande	§276	0
alacrán	§276	0
lacraia	§276	0
escorpião	§276	0
oír	§277	0
oír, obedecer, estar vivo	§277	0
halar	§278	0
jalar	§278	0
jalar, estirar	§278	0
puxar	§278	0
quitarle a alguien	§278	0
arrastrar, halar, tirar flecha	§278	0
llevar arrastrando	§278	0
sudar, transpirar	§279	0
suor	§279	0
sudor, sudar	§279	0
esp. de palmeira	§280	0
hamaca	§280	0
parra	§280	0
estar enojado	§281	0
calmarse	§281	0
estar quieto	§281	0
enojarse, molestarse	§281	0
temblor	§282	0
viento	§282	0
soplar	§282	0
soplar (el viento)	§282	0
nosotros	§283	0
nós, nosso	§283	0
taladrar horizontalmente	§284	0
punzar con algo pontiagudo	§284	0
pozo (hondura en la vuelta de un río)	§284	0
profundo, hondo	§284	0
rio	§284	0
furar	§284	0
insertar, profundo	§284	0
fundo	§284	0
grande	§284	0
grande, ancho, grueso, gordo, mucho, insertar, profundo	§284	0
lombriz	§286	0
el bicho (parásito), la lombris, el gusano	§286	0
verme	§286	0
lombriz, gusano	§286	0
gusano	§286	0
caracol grande de río	§287	0
cheiro	§288	0
delicioso	§288	0
sabroso, de frutas, nueces	§288	0
gostoso, saboroso	§288	0
amar, seguir	§289	0
amar	§289	0
amar, querer	§289	0
minha esposa amada	§289	0
ser amigable	§289	0
tener simpatía a alguien	§289	0
enemigo	§289	0
apagarse	§290	0
apagarse (el fuego)	§290	0
apagar (el fuego)	§290	0
apagar luz (fuego o vela)	§290	0
apagar el fuego o la luz	§290	0
apagado	§290	0
canoa	§291	0
nadar, flotar	§291	0
flotar	§291	0
flotar, estar flojo	§291	0
boiar	§291	0
flotar	§292	0
canoa grande usada para hacer canoas provisionales, canoa provisional	§294	0
venir	§296	0
chegar	§296	0
vir	§296	0
uña, garra, casco	§298	0
uña del dedo del pie	§298	0
uña del dedo del pier, garra	§298	0
unha do pé	§298	0
mensaje, expresión, palabra	§299	0
habla, voz, palabra	§299	0
dizer, falar	§299	0
voz	§299	0
palabra, habla	§299	0
respirar, expeler aire	§300	0
soplar, respirar	§300	0
querer descansar en vez de continuar (haciendo algo)	§300	0
descansar	§300	0
robar, esconder	§302	0
roubar	§302	0
roubar, esconder	§302	0
homem	§303	0
Sharanahua (gente verdadeira)	§303	0
gente	§303	0
queixada	§304	0
sajino	§304	0
porco	§304	0
caititu, porquinho	§304	0
bicho de caça	§304	0
caititu	§304	0
jabalí menor, sajino	§304	0
rojo	§305	0
la pluma roja o el plumón rojo de la cola de um ave	§305	0
rojo, maduro	§305	0
urucum	§305	0
amarelo	§305	0
bater, dar um tapa	§307	0
lavar (la ropa)	§307	0
lavar ropa	§307	0
bater	§307	0
droga, veneno	§308	0
venenosa	§308	0
dolor, gripe	§308	0
borracho	§308	0
gripe	§308	0
emborracharse, estar borracho por haber tomado ayahuasca	§308	0
veneno, venenoso, borracho	§308	0
fuerte (por ejemplo, picante, fermentado, contenido con mucho acohol), potente (tabaco que hace marear, veneno mortal, animal muy venenoso), doloroso, fermentarse	§308	0
cera del oído	§309	0
perforarse la oreja	§309	0
brinco	§309	0
cera do ouvido	§309	0
arete hecho de una concha o un caracol, que se utilizaba en las orejas	§309	0
agujerearse las orejas	§309	0
orelha	§309	0
oreja, oído	§310	0
brinco tradicional	§310	0
mover las orejas para escuchar	§310	0
raspar(se) las orejas	§310	0
mover la oreja	§310	0
oreja	§310	0
brinco	§310	0
orelha	§310	0
bambú, marona (esp. de bambú muy espinhoso)	§311	0
arpão	§311	0
taboca	§311	0
espada, lança	§311	0
chapéu feito de taboca	§311	0
lança	§311	0
fall	§312	0
throw down	§312	0
dejar caer	§312	0
caer	§312	0
caer(se)	§312	0
hacer caer a outro	§312	0
cair, derrubar, empurrar	§312	0
derrubar	§312	0
cair do alto	§312	0
cair de algum lugar estando acima do chão	§312	0
caerse	§312	0
espectro do tatu canastra	§313	0
espectro, fantasma	§313	0
esp. de armadillo	§313	0
tatu canastra	§313	0
armadillo gigante	§313	0
oído, arete, hueco en el lóbulo de la oreja	§314	0
hueco en el lóbulo de la oreja	§314	0
hueco que se hace en el lóbulo de la oreja	§314	0
adorno de la oreja	§314	0
enfeite utilizado nas orelhas	§314	0
caracol acuático grande, adorno de las orejas	§314	0
padre	§315	0
papá, tío paterno	§315	0
mi papá, mi tío paterno, mi hijo (voc. Utilizado por el padre o el tío paterno)	§315	0
tío paterno, título de respeto, padre del hablante masculino	§315	0
padre, también término de respeto para los hombres ancianos	§315	0
pai dele	§315	0
nosso pai	§315	0
seu pai	§315	0
engañar	§316	0
río grande, mar	§317	0
río	§317	0
Ucayali	§317	0
Choari	§317	0
río grande, río	§317	0
rojo, maduro	§319	0
colorearse, pintonearse	§319	0
pálido	§319	0
ictérico	§319	0
amarillo, pálido	§319	0
urucum	§319	0
amarelo, laranja	§319	0
fresco, novo	§320	0
crudo	§320	0
crudo, verde	§320	0
novo	§320	0
rama pequeña que retoña de un tallo	§321	0
broto	§321	0
quebrada	§321	0
riachuelo	§321	0
sordo	§322	0
sin oído	§322	0
sem orelha	§322	0
persona o animal sin oreja o sin orejas, animal sin cuernos	§322	0
abanicar	§323	0
un abanico	§323	0
abanico	§323	0
podrido	§324	0
podrido, fermentado	§324	0
podre	§325	0
hoja, pluma	§325	0
dar la espalda a, asolearse	§325	0
ala, pluma, hoja	§325	0
pluma	§325	0
folha, pena	§325	0
folha	§325	0
pena	§325	0
asa, folha	§325	0
brazo, pluma, rama, hoja	§325	0
comer o moder carne	§326	0
comer, morder	§326	0
hijo(a) de la hermana de un hombre	§327	0
sobrino	§327	0
sobrino, sobrina	§327	0
hijo de la hermana de un hombre	§327	0
sobrino de un hombre	§327	0
sobrino de hombre	§327	0
sobrinha	§327	0
sobrinho	§327	0
sobrino cruzado de hombre	§327	0
arco	§328	0
lanza, arpón, lanza	§328	0
caña cultivada por los Matsés utilizada para harcer flechas	§328	0
la cotorita (clase de lorito verde)	§329	0
pihuicho, perico	§329	0
espécie de papagaio	§329	0
picaflor	§330	0
colibrí	§330	0
tabaquero (esp. de tucán)	§331	0
tucano pequeno	§331	0
pinsha, tucán	§331	0
araçari	§331	0
hediondo, podrido	§332	0
heder, apestar	§332	0
feder	§332	0
cheiro, fedor	§332	0
coisa podre, fedor	§332	0
mal olor, algo apestoso	§332	0
afaninga (esp. de culebra)	§333	0
marimbondo, caba	§333	0
colar de coquinho	§333	0
esp. de lacraia	§333	0
estera	§335	0
pequeño	§336	0
pequeño, poco	§336	0
pequeño, chico	§336	0
diminutivo	§336	0
niño pequeño	§336	0
pequeño, chico, poco	§336	0
alimento de carne	§337	0
comida	§337	0
alimento de animales	§337	0
diente	§337	0
diente, comida	§337	0
alimento	§337	0
maíz, diente, bebida	§337	0
heces	§338	0
defecar	§338	0
ânus	§338	0
excremento, caca	§338	0
excremento	§338	0
cará	§339	0
papa, sachapapa	§339	0
inhame	§339	0
tipo de batata	§339	0
hermano, hermana mayor de sexo diferente	§340	0
hermano de mujer, hermana de hombre	§340	0
su hermano (de ella), su hermana (de él)	§340	0
intestino delgado	§341	0
tripa	§341	0
intestino, tripas	§341	0
intestino	§341	0
tripas	§341	0
barriga	§341	0
panza, tripas (estómago e intestinos)	§341	0
artérias	§342	0
vena, arteria, nervio, ligamento, alambre, hilo, cordón	§342	0
veia, corda	§342	0
veia, elástico	§342	0
veia, artéria, canal de bilis	§342	0
coruja	§343	0
lechuza	§343	0
palabra general para lechuzas medianas y pequeñas	§343	0
preguiça real	§344	0
peresozo de dos dedos	§344	0
tobillo	§345	0
osso do tornozelo, tornozelo	§345	0
botar, abandonar	§346	0
botar, echar	§346	0
jogar	§346	0
montón de granulos como de tierra al lado del hueco de un insecto, migajas de pán	§347	0
polvo de cualquier clase	§347	0
pó	§347	0
poeia	§347	0
pó, seco	§347	0
polvo, aserrín, migas	§347	0
brazo	§348	0
braços	§348	0
ala	§348	0
pájaro	§348	0
sem braço, cobra	§348	0
hace tiempo	§349	0
ahora	§349	0
hoy	§349	0
agora	§349	0
recientemente	§349	0
hoy, ahora	§349	0
entonces, después, inmediatamente, pronto	§349	0
ahora mismo	§349	0
planta, medicina	§350	0
hierba, medicina	§350	0
medicina (vegetal)	§350	0
medicina	§350	0
remédio	§350	0
medicina, remedio, vacuna	§350	0
veneno, medicina del chamán, pastillas	§350	0
veneno, remédio	§350	0
medicina, veneno	§350	0
remédio, medicina, veneno	§350	0
una maldición	§350	0
remédio do mato	§350	0
término general para plantas que se consideran venenosas, o plantas que sirven para preparar medicinas	§350	0
ter medo	§351	0
temer	§351	0
temer, tener miedo, asustarse	§351	0
asustar (por jaguar [tigre], víbora, trueno, alguien haciendo una broma pesada, etc.)	§351	0
dos	§352	0
dual	§352	0
número 2	§352	0
tener vergüenza, avergonzado	§353	0
tener vergüenza	§353	0
avergonzarse, tener vergüenza	§353	0
vergonha	§353	0
tener pena	§353	0
sentir vergonha	§353	0
rodilla	§354	0
ter medo	§355	0
medo	§355	0
estar asombrado, avergonzado	§355	0
tener miedo, tener verguenza	§355	0
echarse	§356	0
echarse, acostarse	§356	0
deitar	§356	0
deitado	§356	0
ponerse camisa, cubrirse	§357	0
envolver’ (LOOS; LOOS, 1998)	§357	0
envolver(se) en, vendarse o taparse con una cosa	§357	0
frazada, colcha	§357	0
toalha	§357	0
pêlo	§358	0
vello del cuerpo	§358	0
pêlo pubiano	§358	0
estar cojo, estar mal de las rodillas y no poder andar bien	§359	0
rótula	§359	0
tobillo	§359	0
pie	§359	0
tarso (lo que sería la rodilla)	§359	0
rodilla, rótula	§359	0
derribar, echar por tierra, matar	§360	0
matar, cazar	§360	0
punta, delantera	§361	0
punta, extrema, terminación, cabecera	§361	0
águas arriba, río arriba	§361	0
ponta	§361	0
el final, el punto donde se termina uma cosa	§361	0
último en una fila	§361	0
punta, extremo delantero	§361	0
em direção à cabeceira do rio	§361	0
águas arriba	§362	0
proa	§362	0
río arriba, arriba	§362	0
cabeceira (de rio)	§362	0
em direção à cabeceira do rio	§362	0
nariz	§363	0
fosa nasal	§363	0
hócico	§363	0
narina	§363	0
nariz, pico (de ave), punta, extremo	§363	0
moler, machacar	§364	0
hocico largo	§365	0
el ala nasal	§365	0
septo	§365	0
punta ancha, restos de la punta	§365	0
septo de la nariz	§365	0
derrubar, cortar	§366	0
tumbar algo	§366	0
tumbar	§366	0
derribar con hacha, tumbar con hacha	§366	0
cortar	§366	0
derribar	§366	0
derrubar (árvore)	§366	0
cortar (com machado, com dente de queixada)	§366	0
cortar con hacha (un arbol, leña, una persona, etc.), tumbar árbol (con hacha o machete)	§366	0
taboca, cana brava	§367	0
flauta, inalador de rapé, caniço	§367	0
violão	§367	0
flauta	§367	0
sempre	§368	0
somente, apenas	§368	0
também	§368	0
enfático, mesmo	§368	0
también	§368	0
enfoque, enfocar	§368	0
de novo	§368	0
igual, do mesmo tanto, empatado (uma partida de futebol)	§368	0
back again	§368	0
likewise(Tr)	§368	0
likewise(Itr)	§368	0
also	§368	0
like	§368	0
emphatic	§368	0
mono cuatro ojos	§369	0
musmuque (esp. de mono)	§369	0
musmuque (esp. de mono nocturno)	§369	0
macaco da noite	§369	0
mono nocturno, musmuqui	§369	0
hilo	§370	0
hilo fino	§370	0
soga	§370	0
corda de amarrar rede	§370	0
corda	§370	0
hilo	§371	0
la pita, el hilo	§371	0
linha	§371	0
rede	§371	0
hamaca	§371	0
coto (esp. de mono)	§372	0
guariba	§372	0
mono coto	§372	0
macaco capelão	§372	0
capelão (macaco)	§372	0
macaco guariba	§372	0
hacha de piedra	§373	0
pedra	§373	0
hacha	§373	0
faca	§373	0
hacha (palabra antigua)	§373	0
fumo	§374	0
culebra	§375	0
serpiente, víbora	§375	0
culebra, víbora	§375	0
cobra grande	§375	0
nombre de hombre	§375	0
ayunar	§376	0
un ayuno	§376	0
dieta alimentar, resguardo	§376	0
pronto dentro de unos días	§376	0
hacer dieta, ayunar, no tener apetito	§376	0
esperar, diferir	§376	0
ahora mismo	§376	0
ayuno	§376	0
apuntar, señalar	§377	0
sostener a la vista	§377	0
exibir	§377	0
levantar	§377	0
suspender, colgar, levantar	§377	0
sostener (una cosa)	§377	0
esp. de pez menudo	§378	0
grupo de pececillos	§378	0
el pez (en general)	§378	0
mojarrita	§378	0
esp. de pez muy pequeño, sardina	§378	0
clase de pez pequeño	§379	0
esconderse, andar en un solo sitio dejando pisadas	§380	0
vestir	§380	0
verstirse, ponerse ropas	§380	0
vestir, poner ropa	§380	0
ponerse ropa	§380	0
gente que usa ropa	§380	0
meter varias cosas	§380	0
feroz	§381	0
estar enojado, estar peleando	§381	0
feroz, enojado	§381	0
sério, bravo	§381	0
bravo, valiente	§381	0
zangado	§381	0
estar enojado, molesto	§381	0
estar enojado	§381	0
pensar	§381	0
alma, fuerza, valor	§381	0
el tejón	§382	0
achuni (animal parecido al oso hormiguero)	§382	0
achuni, coatí	§382	0
quati, lat. nasua nasua	§382	0
coati, lat. nasua nasua	§382	0
bueno, bonito, mucho	§383	0
bueno	§383	0
bueno, lindo, bonito	§383	0
bien	§383	0
útil	§383	0
chest	§384	0
pecho	§384	0
pêlo peitoral	§384	0
plátano dulce	§385	0
plátano común	§385	0
banana	§385	0
variedad de plátano	§385	0
araña	§386	0
lagartixa, verme	§386	0
aranha	§386	0
pensar, lamentarse, acordarse	§387	0
imaginar, pensar	§387	0
pensamento	§387	0
alma de un chamán, abilidad de caza, punteria, fuerza y valor que puede ser pasado de un hombre a otro soplando tabaco o poniendole veneno de sapo en el brazo o pecho	§387	0
macaco prego	§388	0
macaco	§388	0
mono	§388	0
esp. de mono	§388	0
macaco (genérico)	§388	0
marigüi	§389	0
mosca	§389	0
pium	§389	0
pichico (esp. de mono)	§390	0
macaco pequeño, suim	§390	0
macaco soim	§390	0
esp. de macaco	§390	0
tipo de mono pequeño	§390	0
despejo, claro	§391	0
ancho, espacio aberto	§391	0
vacío	§391	0
amanhã	§391	0
despejo, día	§391	0
día, luz	§391	0
dia	§391	0
cedinho	§391	0
lugar	§391	0
vacío, hueco	§391	0
claro, despejo, claridad	§391	0
día	§391	0
nombre de hombre	§391	0
nombre de hombre	§392	0
oso hormiguero	§392	0
tatu bandeira	§392	0
tamanduá-bandeira	§392	0
gran oso hormiguero	§392	0
rebanar, cortar	§393	0
cortar, trozar	§393	0
bostezar	§394	0
casca de árvore	§395	0
couro, carcaça	§395	0
piel, corteza, cáscara	§395	0
cáscara	§395	0
casca	§395	0
vazio	§395	0
vacío	§395	0
secarse, marchitarse	§396	0
caliente, calor	§396	0
caliente, templado	§396	0
caliente	§396	0
seco, listo para quemarse	§396	0
seco, caliente	§396	0
seco	§396	0
esposa, mujer	§397	0
mujer anciana	§397	0
mujer	§397	0
abuela paterna, esposa del hermano mayor	§397	0
abuela (paterna)	§397	0
esposa, prima cruzada de homem	§397	0
cunhada mais velha	§397	0
prima cruzada de hombre	§397	0
hueso	§398	0
kapok, ligero, mullido	§399	0
árbol de algodón vegetal	§399	0
algodón	§399	0
algodão, utilizado para confecção de bolsas e como parte do mete (suporte de caça da zarabatana)	§399	0
tipo de arbol, cuyas fibras, que parecen con algodón, eran usadas hace varias generaciones para preparar dardos de cerbatana (pucuna)	§399	0
piedra	§400	0
bandeja de madera usada para moler	§400	0
pedra	§400	0
pedra, pilão de moer milho	§400	0
artesa para moler	§400	0
canoa	§400	0
pilão de pamonha	§400	0
tronco ahuecado usado para moler maíz	§400	0
canoa, mortero de madera chato	§400	0
pedra, lima	§400	0
cabeza rapada	§401	0
calabaza	§401	0
mate	§401	0
tutuma	§401	0
tingui do mato	§401	0
guacamayo	§402	0
arara	§402	0
arara vermelha e canindé	§402	0
tartaruga, jabuti	§403	0
motelo (esp. de tortuga terrestre)	§403	0
tartaruga	§403	0
clase de tortuga	§403	0
tortuga terrestre	§403	0
árbol usado para construcción, tipo de cano, cerbatana	§404	0
beber	§405	0
beber, tragar	§405	0
engolir	§405	0
tragar	§405	0
tomar, chupar	§405	0
tragar, beber	§405	0
medicina	§405	0
ter sede	§405	0
tener sed	§405	0
esp. de palmera’ (SHELL, 1987)	§407	0
shapaja (esp. de árbol)	§407	0
ouricuri	§407	0
palmera grande, shapaja	§407	0
el peni (clase de lagarto)	§408	0
lagartija	§408	0
tipo de lagarto	§408	0
lagartija terrestre	§408	0
milho	§409	0
maíz	§409	0
lagarto de samaúma	§410	0
gusano	§410	0
lagartixa, verme	§410	0
lagarta	§410	0
ingá	§411	0
guaba, chimbillo	§411	0
gordura	§412	0
aceite	§412	0
gordo	§412	0
banha	§412	0
óleo	§412	0
banha, tripas, gordo	§412	0
viejo	§413	0
velho, envelhecido	§413	0
el tocayo, el homónimo mayor de edad	§413	0
viejo, muy	§413	0
velho, homónimo mais velho	§413	0
viejo (cosa), (cosa) que ya no vale, cosa vieja, tocayo mayor	§413	0
dente	§414	0
diente	§414	0
diete, colmillo. C.L. muela. Pico de papagayo (guacamayo) o loro, mandíbulas de hormiga, tenaza de cangrejo, punta de flecha o lanza, mango de hacha, collar (de hombre o niño)	§414	0
buitre	§415	0
besar, oler	§416	0
oler	§416	0
techar con ojas	§417	0
tejer hamacas u hojas para techo	§417	0
tejer, techar con paja u hojas	§417	0
hamaca	§417	0
tecer	§417	0
benefício	§418	0
Morfema verbal benefactivo	§418	0
marcador de switch reference transitivo	§419	0
subordinação transitiva, aspecto completo	§419	0
morfema de concordância de transitividade	§419	0
asar	§420	0
aguja, punzón	§421	0
espinho	§421	0
aguja	§421	0
coceira	§422	0
picazón, comezón	§422	0
rascar	§422	0
coçar	§422	0
gordo, forte	§423	0
ser gordo	§423	0
casa de antigamente	§424	0
cobertizo para cazar	§424	0
vivienda; casa	§424	0
casa temporária, tapiri	§424	0
casa comunal	§424	0
cáscara	§425	0
pelar	§425	0
tucano	§426	0
tucán	§426	0
diminutivo	§427	0
pequeño, inmaduro, no completamente desarrollado, redrojo	§427	0
un poquito	§427	0
filho do irmão, pertence a uma geração mais nova	§427	0
pai	§427	0
hermano o hermana	§427	0
verde, no maduro	§427	0
grande, grosso, largo	§427	0
nene	§427	0
joven	§427	0
fruta verde	§427	0
irmão mais novo	§427	0
hermano menor de hombre	§427	0
una cosa con cáscara se pela, salir de la cáscara	§428	0
salir de la piel, salir del capullo	§428	0
pelar, mudar la piela	§428	0
pelarse	§428	0
leche	§429	0
leche, seno	§429	0
seno	§429	0
peito	§429	0
leche materna, leche del tucho	§429	0
seno, teta	§429	0
seio feminino, mamar	§429	0
seio	§429	0
seios	§429	0
leche animal	§429	0
teta	§429	0
leite, seio	§429	0
seno, teta, pezón, tetilla, músculos del pecho	§429	0
verde	§430	0
verde, inmaduro	§430	0
maduro	§430	0
verde (no-maduro)	§430	0
papaya	§431	0
clase de calabaza comestible	§431	0
plumón	§432	0
plumas suaves	§432	0
kapok	§432	0
plumón de pato	§432	0
vello, pelo del cuerpo de un animal	§432	0
pelos pequeños, pelusa en la parte posterior de la hoja	§432	0
vello, peluza de la cabeza de un recién nacido	§432	0
piel, vello corporal	§432	0
bolsa de corteza para guardar isana, plumas, algodón u otras cosas	§432	0
pecho de ave	§433	0
pecho	§433	0
pecho, buche de ave	§433	0
la muchacha	§434	0
mujer	§434	0
niña	§434	0
moça	§434	0
mujer joven	§434	0
tocayo	§434	0
menina	§434	0
jovem, rapaz	§434	0
conejo	§435	0
rata	§435	0
rata, ratón	§435	0
cachorro pequeño	§435	0
ratón	§435	0
planta del pie	§436	0
pé, perna, garra	§436	0
pie	§436	0
anaquel colgante	§437	0
tambo (sobre la playa)	§437	0
tambo, albergue, refugio temporal	§437	0
casa, techo	§437	0
vivienda	§437	0
hígado	§438	0
carrillo, mejilla	§440	0
barba, pelos en la mejilla	§440	0
probar, catar	§441	0
probar, examinar, catar	§441	0
probar el centro	§441	0
entender, saber	§441	0
catar, probar, examinar	§441	0
experimentar	§441	0
seguir, imitar, atender	§441	0
saber	§441	0
probar, catar, medir, seguir, imitar	§441	0
medir, copiar, seguir	§441	0
medir	§441	0
brincar, experimentar, imitar	§441	0
probar, contar, medir, pesar, imitar, remedar, rastrear, seguir un río o un riachuelo	§441	0
pona (esp. de palmera)	§442	0
esp. de chuchío	§442	0
pona	§442	0
ipaxiuba	§442	0
paxiúba	§442	0
plataforma	§443	0
anaquel, piso levantado	§443	0
plataforma de corteza de palmera	§443	0
casa (elevada?)	§443	0
la chapapa (para asar carnes)	§443	0
puente, barbacoa, plataforma que se hace en un árbol para esperar animales	§443	0
jirau	§443	0
anaquel	§443	0
mesa, puente, anaquel	§443	0
puente	§443	0
ponte	§443	0
barbacoa (para ahumar carne), plataforma para esperar animales, plataforma para cortar árboles arriba de sus aletas, puente	§443	0
raíz	§444	0
raíz (de cualquier planta o árbol)	§444	0
tronco, flotante, tronco podrido	§445	0
palo podrido, palo viejo	§445	0
palo seco sin gajos y sin cáscara, árbol seco y parado, corazón de palo	§445	0
palizada	§445	0
árbol caído	§445	0
tronco flotante, rama o tronco parcialmente sumergido	§445	0
revolcar	§446	0
hacer girar	§446	0
hacer resbalar	§446	0
hacer resbalar	§447	0
túnica	§447	0
ropa en general	§447	0
tronco flotante, árboles parcialmente sumergido	§450	0
amontona- miento de troncos en el río	§450	0
montón de troncos o palo	§450	0
troncos o palos	§450	0
caña brava	§451	0
flecha	§451	0
mango de flecha	§451	0
caña de azúcar	§451	0
clase de caña o bambú	§451	0
flecha, taboca usada para fazer flecha	§451	0
taboca, flecha	§451	0
tipo de caña usada para hacer flechas (palabra antigua). C.L. caña brava. Lat. Gyneryum sagittatum (Fam. Graminae)	§451	0
romper en dos partes	§452	0
palo de tejer que divide el hilo en dos partes para tejer	§452	0
quebrarse	§452	0
dividir en dos partes	§452	0
picar	§452	0
romper (p.ej. una flecha)	§452	0
romper cosas duras	§452	0
romper	§452	0
cerbatana	§453	0
instrumento para succionar tabaco por la nariz	§453	0
racimo	§454	0
nuca	§455	0
garganta	§455	0
tumor en el cuello	§455	0
cuello	§455	0
cuello, cerviz	§455	0
pescoço, cangote	§455	0
ombro	§455	0
bolsa del cuello de rana, papada de largatija, piel del cuello de pava	§455	0
gavilán negro	§456	0
hárpia, gaviãoreal	§456	0
halcón, gavilán	§456	0
gavião	§456	0
manzana de Adán	§457	0
nuez de la garganta, manzana de Adán	§457	0
esófago	§457	0
manzana de adán	§457	0
pescoço	§457	0
sufijo verbal nominalizador	§458	0
nominalizador de instrumento ou objeto	§458	0
nominalizador	§458	0
nominalizador instrumental	§458	0
sufixo classificador de objeto inanimado	§458	0
nominalizador, “poder”	§458	0
nominalizado com função de instrumento	§458	0
instrumet nominalizer	§458	0
golpear, golpear la urdimbre al tejer	§459	0
golpear en el ojo	§459	0
pegar, golpear com el puño	§459	0
apiñar	§459	0
machacar, moler	§459	0
tejer ropa, tocar con el codo, dedo o pie	§459	0
moler alimentos	§459	0
machacar barbasco	§459	0
patear, pisar algo aplastandólo	§459	0
pisar fuerte	§459	0
escopeta (LORIOT; LAURIAULT; DAY, 1993)	§460	0
escopeta, la explosión de un arma de fuego	§460	0
escopeta	§460	0
dispara a escopeta	§460	0
disparar escopeta, palmotear	§460	0
cedazo, tamiz	§461	0
remo	§461	0
estar preñado, llevar fruto	§462	0
hijo(a) de la madre	§462	0
estar preñado	§462	0
grávida	§462	0
huevo	§462	0
poner huevo	§462	0
ovo	§462	0
negro	§464	0
un cardenal o moretón	§464	0
azul	§464	0
verde, azul	§464	0
planta cuya corteza macerada tiñe el tejido de azul	§464	0
azul ou roxo	§464	0
bolita, verruga	§465	0
garganta	§465	0
chacra, jardín	§467	0
plantação, roçado	§467	0
roça, roçado	§467	0
roça	§467	0
roçado	§467	0
chacra, jardín, trocha, corriente	§467	0
chacra, jardín, maizal	§467	0
río, líquido	§468	0
enjambre de peces	§468	0
gente	§468	0
río	§468	0
rio	§468	0
água	§468	0
río grande	§468	0
pez (término genérico)	§468	0
água, río	§468	0
água, igarapé	§468	0
lagarto, cocrodilo; caimán	§469	0
chima, chonta fina, chonta de loro	§470	0
pupunha, Lat. Bactris gasipaes	§470	0
palmera espinosa cultivada	§470	0
zapallo, calabaza	§471	0
gerimun	§471	0
mamão	§471	0
papaya (palabra antigua), Lat. Carica papaya (Fam. caricaceae)	§471	0
el chichilo (esp. de mono)	§472	0
esp. de mono	§472	0
macaco de cheiro	§472	0
rascar como lo hace la gallina	§473	0
frotar	§473	0
barrer, limpiar	§473	0
barrer	§473	0
suavizar (la tierra), rastrillar	§473	0
hozar, como lo hace el cerdo, escarbar, como lo hace el perro	§473	0
varrer	§473	0
esp. de hierba	§474	0
erva, capim	§474	0
capim	§474	0
hierba	§474	0
pasto, hierba	§474	0
hierba, pasto (pronúncia alternativa)	§474	0
telaraña	§475	0
aranha	§475	0
araña, telaraña	§475	0
araña	§475	0
neblina espesa, niebla	§475	0
algodón	§476	0
nome de mulher	§476	0
algodão	§477	0
modo imperativo	§477	0
imperativo (VALENZUELA; OLIVEIRA, 2012)	§477	0
imperativo	§477	0
riachuelo	§478	0
riachuelo grande	§478	0
igarapé (CABRAL; OLIVEIRA, 2010)	§478	0
igarapé grande	§478	0
otro	§479	0
outro dia	§479	0
uno	§480	0
um	§480	0
solo, uno	§480	0
solamente	§480	0
canela	§481	0
pierna	§481	0
pantorrilla	§481	0
espinilla, canilla	§481	0
músculo da perna	§481	0
perna	§481	0
olor de pez	§482	0
olor gasoso de la carnes	§482	0
apestar	§482	0
olor de pez o de sangre	§482	0
canalete	§483b	0
remo, canalete	§483b	0
remo, canalete, paleta de madera para mezclar	§483b	0
remo, paleta para mezclar (para cocinar)	§483b	0
llorar	§484	0
lamentarse, llevar duelo	§484	0
sollozar, el sonido de la voz del mutún	§484	0
chorar	§484	0
llorar por un muerto, lamentarse por un muerto	§484	0
cantar (um pájaro)	§484	0
pau dos velhos e do pajé	§485	0
cajado de pupunheira	§485	0
macana, garrote	§485	0
pasar	§486	0
pasar una cosa o un lugar	§486	0
vencer	§486	0
pantorrilla	§487	0
pierna de hombre	§487	0
perna	§487	0
otorongo negro	§488	0
esp. de muena caracterizada por tener una corteza negra	§488	0
morado, bien negro	§488	0
obscuro, oscuro, negro	§488	0
sujo, preto	§488	0
estrella	§489	0
formativo de nomes e adjetivos	§490	0
con	§490	0
con, complemento de asociación	§490	0
con, por	§490	0
ter	§490	0
la broquelona (clase de garrapata grande)	§491	0
carrapto	§491	0
garrapata	§491	0
otra tierra, otra parte, otro sitio	§492	0
sentarse	§492	0
pueblo, ciudad, país	§492	0
negativo	§493	0
no	§493	0
negación	§493	0
negativo prohibitivo	§493	0
imperativo negativo, prohibición	§493	0
negação geral	§493	0
negação de imperativo	§493	0
não ter, negativo	§493	0
não	§493	0
assertiva negativa	§493	0
negação	§493	0
negação passado	§493	0
negação não passado	§493	0
marca de negação passado	§493	0
morfema de negação para tempo não passado	§493	0
noche	§494	0
noite	§494	0
nocturno, pasado	§494	0
noite, escurecer	§494	0
noite, escuro	§494	0
hacha	§495	0
hacha de metal	§495	0
panela dos brancos	§495	0
cuchillo grande, machete, metal	§495	0
hacha, hierro	§495	0
hacha, hacha pequeña	§495	0
pez semejante a la sardina	§496	0
mojarra	§496	0
piaba	§496	0
pez pequeño	§496	0
dia	§497	0
huangana, pecarí	§498	0
queixada	§498	0
chancho	§498	0
huangana, jabalí	§498	0
queixada, bando de queixada	§498	0
esp. de armadillo o carachupa	§499	0
tatu	§499	0
armadillo, carachupa	§499	0
armadillo de Kappler	§499	0
dizer	§500	0
decir	§500	0
decir, hablar, anunciar, comunicar, avisar	§500	0
decir, hablar	§500	0
dizer, contar	§500	0
conversar	§500	0
contar a alguien, contar sobre alguien/algo, contar un cuento, aconsejar, consultar, preguntar	§500	0
animal comestible	§501	0
pássar, animal comestível	§501	0
carne	§501	0
calentarse al fuego o al sol	§502	0
tibido, caliente	§502	0
calentarse (parado alrededor del fuego)	§502	0
calentarse	§502	0
esquentar	§502	0
entibiar, calentar	§502	0
entibiar	§502	0
caliente, caluroso, calor	§502	0
calentar o ahumar carne sobre el fuego	§502a	0
fiebre	§502a	0
estar afiebrado, tener fiebre	§502a	0
malária, febre	§502a	0
tener fiebre	§502a	0
febre	§502a	0
calentar	§502a	0
hechicero	§503	0
espírito	§503	0
curandero, brujo	§503	0
espíritu malo	§503	0
ají	§504	0
pimenta	§504	0
preguntar	§505	0
pedir, preguntar, averiguar	§505	0
boquichico (esp. de pez)	§506	0
peixe	§506	0
esp. de pez	§506	0
hilo	§507	0
robar	§508	0
robar, robo	§508	0
ladrón	§508	0
body, flesh, skin	§509	0
cuerpo, gente	§509	0
gente	§509	0
pessoa, corpo	§509	0
cuerpo, persona	§509	0
cuerpo, gente, persona del mismo grupo étnico	§509	0
cuerpo, gente, paisano	§509	0
pessoa	§509	0
corpo humano	§509	0
cuerpo	§509	0
hombre	§509	0
corpo, homem	§509	0
cuerpo, torso, hombre desconocido	§509	0
antecesores	§510	0
viejo	§510	0
ensinar	§510	0
crecer	§510	0
instruir, conocimiento	§510	0
velho	§510	0
viejo, anciano, animal macho viejo	§510	0
reflexión, espírito malo	§511	0
espíritu malo, reflexión	§511	0
demonio, espíritu	§511	0
espíritu, máscara	§511	0
viento, espíritu, sombra, diablor	§511	0
espíritu, alma, fantasma	§511	0
retrato, espírito	§511	0
alma	§511	0
espíritu, fantasma	§511	0
alma, fotografía, espíritu	§511	0
mulher velha	§512	0
mujer, hembra	§512	0
hija, niña (voc. empleado por el padre o la madre)	§512	0
mujer vieja	§512	0
vieja, anciana	§512	0
velha	§512	0
hembra	§512	0
mujer anciana, hembra de animal	§512	0
